{"start": 370, "end": 730, "data": [ 0.0001, 0.0001, 0.0001, 0.0001, 0.0001, 0.0001, 0.0001, 0.0001, 0.0001, 0.0001, 0.00645, 0.00645, 0.00727, 0.00809, 0.00891, 0.01055, 0.01055, 0.01245, 0.01435, 0.01625, 0.02005, 0.02005, 0.023282, 0.026514, 0.029746, 0.03621, 0.03621, 0.042538, 0.048866, 0.055194, 0.06785, 0.06785, 0.07632, 0.08479, 0.09326, 0.1102, 0.1102, 0.12964, 0.14908, 0.16852, 0.2074, 0.2074, 0.24018, 0.27296, 0.30574, 0.3713, 0.3713, 0.42616, 0.48102, 0.53588, 0.6456, 0.6456, 0.72429, 0.80298, 0.88167, 1.03905, 1.03905, 1.10836, 1.17767, 1.24698, 1.3856, 1.3856, 1.43307, 1.48054, 1.52802, 1.62296, 1.62296, 1.64778, 1.6726, 1.69742, 1.74706, 1.74706, 1.75417, 1.76128, 1.76838, 1.7826, 1.7826, 1.7805, 1.7784, 1.77631, 1.77211, 1.77211, 1.76651, 1.76091, 1.7553, 1.7441, 1.7441, 1.72912, 1.71414, 1.69916, 1.6692, 1.6692, 1.64098, 1.61276, 1.58454, 1.5281, 1.5281, 1.48001, 1.43192, 1.38382, 1.28764, 1.28764, 1.23849, 1.18934, 1.1402, 1.0419, 1.0419, 0.99611, 0.95032, 0.90453, 0.81295, 0.81295, 0.7736, 0.73425, 0.6949, 0.6162, 0.6162, 0.585996, 0.555792, 0.525588, 0.46518, 0.46518, 0.442804, 0.420428, 0.398052, 0.3533, 0.3533, 0.33704, 0.32078, 0.30452, 0.272, 0.272, 0.26006, 0.24812, 0.23618, 0.2123, 0.2123, 0.20148, 0.19066, 0.17984, 0.1582, 0.1582, 0.1489, 0.1396, 0.1303, 0.1117, 0.1117, 0.10501, 0.09832, 0.09163, 0.07825, 0.07825, 0.07405, 0.06985, 0.06565, 0.05725, 0.05725, 0.054232, 0.051214, 0.048196, 0.04216, 0.04216, 0.039696, 0.037232, 0.034768, 0.02984, 0.02984, 0.027932, 0.026024, 0.024116, 0.0203, 0.0203, 0.01892, 0.01754, 0.01616, 0.0134, 0.0134, 0.01247, 0.01154, 0.01061, 0.00875, 0.00875, 0.00815, 0.00755, 0.00695, 0.00575, 0.00575, 0.00538, 0.00501, 0.00464, 0.0039, 0.0039, 0.00367, 0.00344, 0.00321, 0.00275, 0.00275, 0.00262, 0.00249, 0.00236, 0.0021, 0.0021, 0.00204, 0.00198, 0.00192, 0.0018, 0.0018, 0.00177, 0.00174, 0.00171, 0.00165, 0.00165, 0.0016, 0.00155, 0.0015, 0.0014, 0.0014, 0.00134, 0.00128, 0.00122, 0.0011, 0.0011, 0.00108, 0.00106, 0.00104, 0.001, 0.001, 0.00096, 0.00092, 0.00088, 0.0008, 0.0008, 0.00076, 0.00072, 0.00068, 0.0006, 0.0006, 0.000548, 0.000496, 0.000444, 0.00034, 0.00034, 0.00032, 0.0003, 0.00028, 0.00024, 0.00024, 0.00023, 0.00022, 0.00021, 0.00019, 0.00019, 0.000172, 0.000154, 0.000136, 0.0001, 0.0001, 9e-05, 8e-05, 7e-05, 5e-05, 5e-05, 4.6e-05, 4.2e-05, 3.8e-05, 3e-05, 3e-05, 2.8e-05, 2.6e-05, 2.4e-05, 2e-05, 2e-05, 1.8e-05, 1.6e-05, 1.4e-05, 1e-05, 1e-05, 8e-06, 6e-06, 4e-06, 0, 0, 0, 0, 0, 0, 0, 0, 0, 0, 0, 0, 0, 0, 0, 0, 0, 0, 0, 0, 0, 0, 0, 0, 0, 0, 0, 0, 0, 0, 0, 0, 0, 0, 0, 0, 0, 0, 0, 0, 0, 0, 0, 0, 0, 0, 0, 0, 0, 0, 0, 0, 0, 0, 0, 0, 0, 0, 0, 0, 0, 0, 0, 0, 0, 0, 0, 0, 0, 0, 0, 0, 0, 0, 0, 0, 0, 0, 0, 0, 0.00001]}
