{"start": 370, "end": 730, "data": [ 0.0001, 0.0001, 0.0001, 0.0001, 0.0001, 0.0001, 0.0001, 0.0001, 0.0001, 0.0001, 3.9e-05, 3.9e-05, 4.4e-05, 4.9e-05, 5.4e-05, 6.4e-05, 6.4e-05, 7.52e-05, 8.64e-05, 9.76e-05, 0.00012, 0.00012, 0.0001394, 0.0001588, 0.0001782, 0.000217, 0.000217, 0.0002528, 0.0002886, 0.0003244, 0.000396, 0.000396, 0.0004448, 0.0004936, 0.0005424, 0.00064, 0.00064, 0.000754, 0.000868, 0.000982, 0.00121, 0.00121, 0.001404, 0.001598, 0.001792, 0.00218, 0.00218, 0.002544, 0.002908, 0.003272, 0.004, 0.004, 0.00466, 0.00532, 0.00598, 0.0073, 0.0073, 0.00816, 0.00902, 0.00988, 0.0116, 0.0116, 0.012648, 0.013696, 0.014744, 0.01684, 0.01684, 0.018072, 0.019304, 0.020536, 0.023, 0.023, 0.02436, 0.02572, 0.02708, 0.0298, 0.0298, 0.03144, 0.03308, 0.03472, 0.038, 0.038, 0.04, 0.042, 0.044, 0.048, 0.048, 0.0504, 0.0528, 0.0552, 0.06, 0.06, 0.06278, 0.06556, 0.06834, 0.0739, 0.0739, 0.077316, 0.080732, 0.084148, 0.09098, 0.09098, 0.095304, 0.099628, 0.103952, 0.1126, 0.1126, 0.117884, 0.123168, 0.128452, 0.13902, 0.13902, 0.145076, 0.151132, 0.157188, 0.1693, 0.1693, 0.177044, 0.184788, 0.192532, 0.20802, 0.20802, 0.218136, 0.228252, 0.238368, 0.2586, 0.2586, 0.27148, 0.28436, 0.29724, 0.323, 0.323, 0.33986, 0.35672, 0.37358, 0.4073, 0.4073, 0.42644, 0.44558, 0.46472, 0.503, 0.503, 0.52404, 0.54508, 0.56612, 0.6082, 0.6082, 0.62856, 0.64892, 0.66928, 0.71, 0.71, 0.72664, 0.74328, 0.75992, 0.7932, 0.7932, 0.80696, 0.82072, 0.83448, 0.862, 0.862, 0.87257, 0.88314, 0.89371, 0.91485, 0.91485, 0.92268, 0.93051, 0.93834, 0.954, 0.954, 0.95926, 0.96452, 0.96978, 0.9803, 0.9803, 0.98323, 0.98616, 0.98909, 0.99495, 0.99495, 0.99596, 0.99697, 0.99798, 1, 1, 0.999, 0.998, 0.997, 0.995, 0.995, 0.99172, 0.98844, 0.98516, 0.9786, 0.9786, 0.97328, 0.96796, 0.96264, 0.952, 0.952, 0.94468, 0.93736, 0.93004, 0.9154, 0.9154, 0.90632, 0.89724, 0.88816, 0.87, 0.87, 0.85926, 0.84852, 0.83778, 0.8163, 0.8163, 0.80444, 0.79258, 0.78072, 0.757, 0.757, 0.74458, 0.73216, 0.71974, 0.6949, 0.6949, 0.68212, 0.66934, 0.65656, 0.631, 0.631, 0.61816, 0.60532, 0.59248, 0.5668, 0.5668, 0.55404, 0.54128, 0.52852, 0.503, 0.503, 0.49064, 0.47828, 0.46592, 0.4412, 0.4412, 0.42916, 0.41712, 0.40508, 0.381, 0.381, 0.369, 0.357, 0.345, 0.321, 0.321, 0.3098, 0.2986, 0.2874, 0.265, 0.265, 0.2554, 0.2458, 0.2362, 0.217, 0.217, 0.2086, 0.2002, 0.1918, 0.175, 0.175, 0.16764, 0.16028, 0.15292, 0.1382, 0.1382, 0.13196, 0.12572, 0.11948, 0.107, 0.107, 0.10192, 0.09684, 0.09176, 0.0816, 0.0816, 0.07748, 0.07336, 0.06924, 0.061, 0.061, 0.057716, 0.054432, 0.051148, 0.04458, 0.04458, 0.042064, 0.039548, 0.037032, 0.032, 0.032, 0.03024, 0.02848, 0.02672, 0.0232, 0.0232, 0.02196, 0.02072, 0.01948, 0.017, 0.017, 0.015984, 0.014968, 0.013952, 0.01192, 0.01192, 0.011178, 0.010436, 0.009694, 0.00821, 0.00821, 0.0077126, 0.0072152, 0.0067178, 0.005723, 0.005723, 0.0053988, 0.0050746, 0.0047504, 0.004102, 0.004102, 0.0038674, 0.0036328, 0.0033982, 0.002929, 0.002929, 0.0027614, 0.0025938, 0.0024262, 0.002091, 0.002091, 0.0019696, 0.0018482, 0.0017268, 0.001484, 0.001484, 0.0013966, 0.0013092, 0.0012218, 0.001047, 0.001047, 0.0009856, 0.0009242, 0.0008628, 0.00074, 0.00074, 0.00074, 0.00074, 0.00074, 0.00001]}

