{"start": 370, "end": 730, "data": [ 0.000100, 0.000100, 0.000100, 0.000100, 0.000100, 0.000100, 0.000100, 0.000100, 0.000100, 0.000100, 0.118000, 0.118000, 0.122800, 0.127600, 0.132400, 0.142000, 0.142000, 0.149400, 0.156800, 0.164200, 0.179000, 0.179000, 0.188800, 0.198600, 0.208400, 0.228000, 0.228000, 0.239000, 0.250000, 0.261000, 0.283000, 0.283000, 0.290800, 0.298600, 0.306400, 0.322000, 0.322000, 0.326200, 0.330400, 0.334600, 0.343000, 0.343000, 0.345200, 0.347400, 0.349600, 0.354000, 0.354000, 0.355000, 0.356000, 0.357000, 0.359000, 0.359000, 0.358600, 0.358200, 0.357800, 0.357000, 0.357000, 0.355600, 0.354200, 0.352800, 0.350000, 0.350000, 0.347800, 0.345600, 0.343400, 0.339000, 0.339000, 0.336600, 0.334200, 0.331800, 0.327000, 0.327000, 0.324200, 0.321400, 0.318600, 0.313000, 0.313000, 0.310000, 0.307000, 0.304000, 0.298000, 0.298000, 0.294800, 0.291600, 0.288400, 0.282000, 0.282000, 0.279000, 0.276000, 0.273000, 0.267000, 0.267000, 0.264200, 0.261400, 0.258600, 0.253000, 0.253000, 0.250200, 0.247400, 0.244600, 0.239000, 0.239000, 0.236200, 0.233400, 0.230600, 0.225000, 0.225000, 0.221800, 0.218600, 0.215400, 0.209000, 0.209000, 0.206200, 0.203400, 0.200600, 0.195000, 0.195000, 0.192400, 0.189800, 0.187200, 0.182000, 0.182000, 0.180000, 0.178000, 0.176000, 0.172000, 0.172000, 0.170200, 0.168400, 0.166600, 0.163000, 0.163000, 0.161400, 0.159800, 0.158200, 0.155000, 0.155000, 0.153200, 0.151400, 0.149600, 0.146000, 0.146000, 0.143800, 0.141600, 0.139400, 0.135000, 0.135000, 0.132800, 0.130600, 0.128400, 0.124000, 0.124000, 0.121800, 0.119600, 0.117400, 0.113000, 0.113000, 0.111600, 0.110200, 0.108800, 0.106000, 0.106000, 0.105200, 0.104400, 0.103600, 0.102000, 0.102000, 0.102000, 0.102000, 0.102000, 0.102000, 0.102000, 0.102600, 0.103200, 0.103800, 0.105000, 0.105000, 0.105400, 0.105800, 0.106200, 0.107000, 0.107000, 0.107000, 0.107000, 0.107000, 0.107000, 0.107000, 0.106800, 0.106600, 0.106400, 0.106000, 0.106000, 0.106200, 0.106400, 0.106600, 0.107000, 0.107000, 0.108000, 0.109000, 0.110000, 0.112000, 0.112000, 0.114200, 0.116400, 0.118600, 0.123000, 0.123000, 0.126600, 0.130200, 0.133800, 0.141000, 0.141000, 0.146000, 0.151000, 0.156000, 0.166000, 0.166000, 0.172400, 0.178800, 0.185200, 0.198000, 0.198000, 0.205400, 0.212800, 0.220200, 0.235000, 0.235000, 0.243800, 0.252600, 0.261400, 0.279000, 0.279000, 0.289800, 0.300600, 0.311400, 0.333000, 0.333000, 0.345200, 0.357400, 0.369600, 0.394000, 0.394000, 0.407200, 0.420400, 0.433600, 0.460000, 0.460000, 0.472400, 0.484800, 0.497200, 0.522000, 0.522000, 0.533600, 0.545200, 0.556800, 0.580000, 0.580000, 0.589600, 0.599200, 0.608800, 0.628000, 0.628000, 0.635600, 0.643200, 0.650800, 0.666000, 0.666000, 0.672000, 0.678000, 0.684000, 0.696000, 0.696000, 0.701200, 0.706400, 0.711600, 0.722000, 0.722000, 0.726000, 0.730000, 0.734000, 0.742000, 0.742000, 0.744800, 0.747600, 0.750400, 0.756000, 0.756000, 0.758000, 0.760000, 0.762000, 0.766000, 0.766000, 0.767600, 0.769200, 0.770800, 0.774000, 0.774000, 0.775200, 0.776400, 0.777600, 0.780000, 0.780000, 0.781000, 0.782000, 0.783000, 0.785000, 0.785000, 0.786200, 0.787400, 0.788600, 0.791000, 0.791000, 0.791600, 0.792200, 0.792800, 0.794000, 0.794000, 0.794800, 0.795600, 0.796400, 0.798000, 0.798000, 0.798600, 0.799200, 0.799800, 0.801000, 0.801000, 0.801600, 0.802200, 0.802800, 0.804000, 0.804000, 0.804400, 0.804800, 0.805200, 0.806000, 0.806000, 0.806200, 0.806400, 0.806600, 0.807000, 0.807000, 0.807000, 0.807000, 0.807000, 0.807000, 0.807000, 0.807000, 0.807000, 0.807000, 0.807000, 0.807000, 0.807600, 0.808200, 0.808800, 0.810000, 0.810000, 0.810000, 0.810000, 0.810000, 0.00001]}
