{"start": 370, "end": 730, "data": [ 0.000100, 0.000100, 0.000100, 0.000100, 0.000100, 0.000100, 0.000100, 0.000100, 0.000100, 0.000100, 0.096000, 0.096000, 0.098400, 0.100800, 0.103200, 0.108000, 0.108000, 0.111000, 0.114000, 0.117000, 0.123000, 0.123000, 0.125400, 0.127800, 0.130200, 0.135000, 0.135000, 0.136800, 0.138600, 0.140400, 0.144000, 0.144000, 0.144200, 0.144400, 0.144600, 0.145000, 0.145000, 0.144800, 0.144600, 0.144400, 0.144000, 0.144000, 0.143400, 0.142800, 0.142200, 0.141000, 0.141000, 0.140400, 0.139800, 0.139200, 0.138000, 0.138000, 0.137200, 0.136400, 0.135600, 0.134000, 0.134000, 0.133600, 0.133200, 0.132800, 0.132000, 0.132000, 0.132000, 0.132000, 0.132000, 0.132000, 0.132000, 0.131800, 0.131600, 0.131400, 0.131000, 0.131000, 0.131000, 0.131000, 0.131000, 0.131000, 0.131000, 0.130600, 0.130200, 0.129800, 0.129000, 0.129000, 0.128800, 0.128600, 0.128400, 0.128000, 0.128000, 0.127600, 0.127200, 0.126800, 0.126000, 0.126000, 0.126000, 0.126000, 0.126000, 0.126000, 0.126000, 0.125800, 0.125600, 0.125400, 0.125000, 0.125000, 0.124600, 0.124200, 0.123800, 0.123000, 0.123000, 0.122200, 0.121400, 0.120600, 0.119000, 0.119000, 0.118000, 0.117000, 0.116000, 0.114000, 0.114000, 0.113000, 0.112000, 0.111000, 0.109000, 0.109000, 0.108200, 0.107400, 0.106600, 0.105000, 0.105000, 0.104600, 0.104200, 0.103800, 0.103000, 0.103000, 0.102800, 0.102600, 0.102400, 0.102000, 0.102000, 0.101600, 0.101200, 0.100800, 0.100000, 0.100000, 0.099400, 0.098800, 0.098200, 0.097000, 0.097000, 0.096400, 0.095800, 0.095200, 0.094000, 0.094000, 0.093400, 0.092800, 0.092200, 0.091000, 0.091000, 0.090600, 0.090200, 0.089800, 0.089000, 0.089000, 0.089200, 0.089400, 0.089600, 0.090000, 0.090000, 0.090400, 0.090800, 0.091200, 0.092000, 0.092000, 0.092800, 0.093600, 0.094400, 0.096000, 0.096000, 0.097200, 0.098400, 0.099600, 0.102000, 0.102000, 0.102800, 0.103600, 0.104400, 0.106000, 0.106000, 0.106400, 0.106800, 0.107200, 0.108000, 0.108000, 0.108200, 0.108400, 0.108600, 0.109000, 0.109000, 0.109600, 0.110200, 0.110800, 0.112000, 0.112000, 0.114800, 0.117600, 0.120400, 0.126000, 0.126000, 0.132200, 0.138400, 0.144600, 0.157000, 0.157000, 0.167200, 0.177400, 0.187600, 0.208000, 0.208000, 0.221200, 0.234400, 0.247600, 0.274000, 0.274000, 0.288400, 0.302800, 0.317200, 0.346000, 0.346000, 0.359800, 0.373600, 0.387400, 0.415000, 0.415000, 0.426600, 0.438200, 0.449800, 0.473000, 0.473000, 0.481800, 0.490600, 0.499400, 0.517000, 0.517000, 0.523000, 0.529000, 0.535000, 0.547000, 0.547000, 0.551000, 0.555000, 0.559000, 0.567000, 0.567000, 0.570000, 0.573000, 0.576000, 0.582000, 0.582000, 0.583800, 0.585600, 0.587400, 0.591000, 0.591000, 0.592200, 0.593400, 0.594600, 0.597000, 0.597000, 0.597800, 0.598600, 0.599400, 0.601000, 0.601000, 0.601600, 0.602200, 0.602800, 0.604000, 0.604000, 0.604600, 0.605200, 0.605800, 0.607000, 0.607000, 0.607200, 0.607400, 0.607600, 0.608000, 0.608000, 0.607800, 0.607600, 0.607400, 0.607000, 0.607000, 0.606800, 0.606600, 0.606400, 0.606000, 0.606000, 0.605800, 0.605600, 0.605400, 0.605000, 0.605000, 0.605000, 0.605000, 0.605000, 0.605000, 0.605000, 0.605000, 0.605000, 0.605000, 0.605000, 0.605000, 0.604800, 0.604600, 0.604400, 0.604000, 0.604000, 0.604200, 0.604400, 0.604600, 0.605000, 0.605000, 0.605200, 0.605400, 0.605600, 0.606000, 0.606000, 0.606000, 0.606000, 0.606000, 0.606000, 0.606000, 0.605600, 0.605200, 0.604800, 0.604000, 0.604000, 0.603600, 0.603200, 0.602800, 0.602000, 0.602000, 0.601800, 0.601600, 0.601400, 0.601000, 0.601000, 0.600600, 0.600200, 0.599800, 0.599000, 0.599000, 0.598800, 0.598600, 0.598400, 0.598000, 0.598000, 0.598000, 0.598000, 0.598000, 0.00001]}
