{"start": 370, "end": 730, "data": [ 0.000100, 0.000100, 0.000100, 0.000100, 0.000100, 0.000100, 0.000100, 0.000100, 0.000100, 0.000100, 0.113000, 0.113000, 0.118000, 0.123000, 0.128000, 0.138000, 0.138000, 0.145200, 0.152400, 0.159600, 0.174000, 0.174000, 0.183000, 0.192000, 0.201000, 0.219000, 0.219000, 0.228400, 0.237800, 0.247200, 0.266000, 0.266000, 0.272800, 0.279600, 0.286400, 0.300000, 0.300000, 0.304000, 0.308000, 0.312000, 0.320000, 0.320000, 0.322000, 0.324000, 0.326000, 0.330000, 0.330000, 0.331200, 0.332400, 0.333600, 0.336000, 0.336000, 0.336200, 0.336400, 0.336600, 0.337000, 0.337000, 0.337000, 0.337000, 0.337000, 0.337000, 0.337000, 0.337000, 0.337000, 0.337000, 0.337000, 0.337000, 0.336600, 0.336200, 0.335800, 0.335000, 0.335000, 0.334800, 0.334600, 0.334400, 0.334000, 0.334000, 0.333400, 0.332800, 0.332200, 0.331000, 0.331000, 0.330200, 0.329400, 0.328600, 0.327000, 0.327000, 0.326000, 0.325000, 0.324000, 0.322000, 0.322000, 0.320800, 0.319600, 0.318400, 0.316000, 0.316000, 0.314800, 0.313600, 0.312400, 0.310000, 0.310000, 0.308400, 0.306800, 0.305200, 0.302000, 0.302000, 0.300200, 0.298400, 0.296600, 0.293000, 0.293000, 0.291400, 0.289800, 0.288200, 0.285000, 0.285000, 0.283200, 0.281400, 0.279600, 0.276000, 0.276000, 0.274400, 0.272800, 0.271200, 0.268000, 0.268000, 0.266400, 0.264800, 0.263200, 0.260000, 0.260000, 0.258200, 0.256400, 0.254600, 0.251000, 0.251000, 0.249400, 0.247800, 0.246200, 0.243000, 0.243000, 0.241200, 0.239400, 0.237600, 0.234000, 0.234000, 0.232200, 0.230400, 0.228600, 0.225000, 0.225000, 0.223000, 0.221000, 0.219000, 0.215000, 0.215000, 0.213600, 0.212200, 0.210800, 0.208000, 0.208000, 0.207000, 0.206000, 0.205000, 0.203000, 0.203000, 0.202000, 0.201000, 0.200000, 0.198000, 0.198000, 0.197400, 0.196800, 0.196200, 0.195000, 0.195000, 0.194200, 0.193400, 0.192600, 0.191000, 0.191000, 0.190400, 0.189800, 0.189200, 0.188000, 0.188000, 0.187000, 0.186000, 0.185000, 0.183000, 0.183000, 0.181800, 0.180600, 0.179400, 0.177000, 0.177000, 0.176000, 0.175000, 0.174000, 0.172000, 0.172000, 0.171000, 0.170000, 0.169000, 0.167000, 0.167000, 0.166200, 0.165400, 0.164600, 0.163000, 0.163000, 0.162400, 0.161800, 0.161200, 0.160000, 0.160000, 0.159400, 0.158800, 0.158200, 0.157000, 0.157000, 0.156200, 0.155400, 0.154600, 0.153000, 0.153000, 0.152400, 0.151800, 0.151200, 0.150000, 0.150000, 0.149400, 0.148800, 0.148200, 0.147000, 0.147000, 0.146400, 0.145800, 0.145200, 0.144000, 0.144000, 0.143400, 0.142800, 0.142200, 0.141000, 0.141000, 0.140200, 0.139400, 0.138600, 0.137000, 0.137000, 0.136200, 0.135400, 0.134600, 0.133000, 0.133000, 0.132400, 0.131800, 0.131200, 0.130000, 0.130000, 0.129200, 0.128400, 0.127600, 0.126000, 0.126000, 0.125400, 0.124800, 0.124200, 0.123000, 0.123000, 0.122400, 0.121800, 0.121200, 0.120000, 0.120000, 0.119600, 0.119200, 0.118800, 0.118000, 0.118000, 0.117400, 0.116800, 0.116200, 0.115000, 0.115000, 0.114400, 0.113800, 0.113200, 0.112000, 0.112000, 0.111600, 0.111200, 0.110800, 0.110000, 0.110000, 0.109600, 0.109200, 0.108800, 0.108000, 0.108000, 0.107600, 0.107200, 0.106800, 0.106000, 0.106000, 0.105800, 0.105600, 0.105400, 0.105000, 0.105000, 0.104800, 0.104600, 0.104400, 0.104000, 0.104000, 0.104000, 0.104000, 0.104000, 0.104000, 0.104000, 0.103800, 0.103600, 0.103400, 0.103000, 0.103000, 0.103000, 0.103000, 0.103000, 0.103000, 0.103000, 0.102800, 0.102600, 0.102400, 0.102000, 0.102000, 0.102000, 0.102000, 0.102000, 0.102000, 0.102000, 0.102000, 0.102000, 0.102000, 0.102000, 0.102000, 0.102000, 0.102000, 0.102000, 0.102000, 0.102000, 0.102000, 0.102000, 0.102000, 0.102000, 0.102000, 0.102000, 0.102000, 0.102000, 0.00001]}
