{"start": 370, "end": 730, "data": [ 0.000100, 0.000100, 0.000100, 0.000100, 0.000100, 0.000100, 0.000100, 0.000100, 0.000100, 0.000100, 0.153000, 0.153000, 0.160200, 0.167400, 0.174600, 0.189000, 0.189000, 0.200200, 0.211400, 0.222600, 0.245000, 0.245000, 0.259800, 0.274600, 0.289400, 0.319000, 0.319000, 0.337000, 0.355000, 0.373000, 0.409000, 0.409000, 0.434400, 0.459800, 0.485200, 0.536000, 0.536000, 0.563000, 0.590000, 0.617000, 0.671000, 0.671000, 0.691200, 0.711400, 0.731600, 0.772000, 0.772000, 0.785600, 0.799200, 0.812800, 0.840000, 0.840000, 0.845600, 0.851200, 0.856800, 0.868000, 0.868000, 0.870000, 0.872000, 0.874000, 0.878000, 0.878000, 0.878800, 0.879600, 0.880400, 0.882000, 0.882000, 0.882200, 0.882400, 0.882600, 0.883000, 0.883000, 0.883400, 0.883800, 0.884200, 0.885000, 0.885000, 0.885200, 0.885400, 0.885600, 0.886000, 0.886000, 0.886000, 0.886000, 0.886000, 0.886000, 0.886000, 0.886200, 0.886400, 0.886600, 0.887000, 0.887000, 0.887200, 0.887400, 0.887600, 0.888000, 0.888000, 0.888000, 0.888000, 0.888000, 0.888000, 0.888000, 0.888000, 0.888000, 0.888000, 0.888000, 0.888000, 0.888000, 0.888000, 0.888000, 0.888000, 0.888000, 0.888000, 0.888000, 0.888000, 0.888000, 0.888000, 0.888000, 0.888000, 0.888000, 0.888000, 0.888000, 0.888000, 0.888000, 0.888000, 0.888000, 0.888000, 0.887800, 0.887600, 0.887400, 0.887000, 0.887000, 0.887000, 0.887000, 0.887000, 0.887000, 0.887000, 0.887000, 0.887000, 0.887000, 0.887000, 0.887000, 0.887000, 0.887000, 0.887000, 0.887000, 0.887000, 0.887000, 0.887000, 0.887000, 0.887000, 0.887000, 0.887000, 0.887000, 0.887000, 0.887000, 0.887000, 0.887000, 0.887000, 0.887000, 0.887000, 0.887000, 0.887000, 0.887000, 0.887000, 0.887000, 0.887000, 0.887000, 0.887000, 0.887000, 0.887000, 0.887000, 0.886800, 0.886600, 0.886400, 0.886000, 0.886000, 0.886000, 0.886000, 0.886000, 0.886000, 0.886000, 0.886200, 0.886400, 0.886600, 0.887000, 0.887000, 0.887000, 0.887000, 0.887000, 0.887000, 0.887000, 0.887000, 0.887000, 0.887000, 0.887000, 0.887000, 0.887200, 0.887400, 0.887600, 0.888000, 0.888000, 0.888000, 0.888000, 0.888000, 0.888000, 0.888000, 0.887800, 0.887600, 0.887400, 0.887000, 0.887000, 0.886800, 0.886600, 0.886400, 0.886000, 0.886000, 0.886000, 0.886000, 0.886000, 0.886000, 0.886000, 0.886000, 0.886000, 0.886000, 0.886000, 0.886000, 0.886200, 0.886400, 0.886600, 0.887000, 0.887000, 0.887200, 0.887400, 0.887600, 0.888000, 0.888000, 0.888200, 0.888400, 0.888600, 0.889000, 0.889000, 0.889200, 0.889400, 0.889600, 0.890000, 0.890000, 0.890200, 0.890400, 0.890600, 0.891000, 0.891000, 0.891000, 0.891000, 0.891000, 0.891000, 0.891000, 0.891000, 0.891000, 0.891000, 0.891000, 0.891000, 0.891000, 0.891000, 0.891000, 0.891000, 0.891000, 0.890800, 0.890600, 0.890400, 0.890000, 0.890000, 0.889800, 0.889600, 0.889400, 0.889000, 0.889000, 0.889000, 0.889000, 0.889000, 0.889000, 0.889000, 0.889000, 0.889000, 0.889000, 0.889000, 0.889000, 0.889000, 0.889000, 0.889000, 0.889000, 0.889000, 0.889000, 0.889000, 0.889000, 0.889000, 0.889000, 0.888800, 0.888600, 0.888400, 0.888000, 0.888000, 0.888000, 0.888000, 0.888000, 0.888000, 0.888000, 0.888000, 0.888000, 0.888000, 0.888000, 0.888000, 0.888000, 0.888000, 0.888000, 0.888000, 0.888000, 0.888000, 0.888000, 0.888000, 0.888000, 0.888000, 0.888000, 0.888000, 0.888000, 0.888000, 0.888000, 0.888000, 0.888000, 0.888000, 0.888000, 0.888000, 0.887800, 0.887600, 0.887400, 0.887000, 0.887000, 0.886800, 0.886600, 0.886400, 0.886000, 0.886000, 0.886000, 0.886000, 0.886000, 0.886000, 0.886000, 0.886000, 0.886000, 0.886000, 0.886000, 0.886000, 0.885800, 0.885600, 0.885400, 0.885000, 0.885000, 0.885000, 0.885000, 0.885000, 0.00001]}
