{"start": 370, "end": 730, "data": [ 0.000100, 0.000100, 0.000100, 0.000100, 0.000100, 0.000100, 0.000100, 0.000100, 0.000100, 0.000100, 0.099000, 0.099000, 0.103200, 0.107400, 0.111600, 0.120000, 0.120000, 0.126000, 0.132000, 0.138000, 0.150000, 0.150000, 0.157800, 0.165600, 0.173400, 0.189000, 0.189000, 0.197400, 0.205800, 0.214200, 0.231000, 0.231000, 0.238400, 0.245800, 0.253200, 0.268000, 0.268000, 0.273000, 0.278000, 0.283000, 0.293000, 0.293000, 0.296600, 0.300200, 0.303800, 0.311000, 0.311000, 0.313600, 0.316200, 0.318800, 0.324000, 0.324000, 0.326200, 0.328400, 0.330600, 0.335000, 0.335000, 0.337600, 0.340200, 0.342800, 0.348000, 0.348000, 0.350600, 0.353200, 0.355800, 0.361000, 0.361000, 0.363400, 0.365800, 0.368200, 0.373000, 0.373000, 0.375000, 0.377000, 0.379000, 0.383000, 0.383000, 0.383800, 0.384600, 0.385400, 0.387000, 0.387000, 0.386200, 0.385400, 0.384600, 0.383000, 0.383000, 0.381200, 0.379400, 0.377600, 0.374000, 0.374000, 0.371400, 0.368800, 0.366200, 0.361000, 0.361000, 0.357800, 0.354600, 0.351400, 0.345000, 0.345000, 0.341000, 0.337000, 0.333000, 0.325000, 0.325000, 0.320200, 0.315400, 0.310600, 0.301000, 0.301000, 0.295800, 0.290600, 0.285400, 0.275000, 0.275000, 0.269400, 0.263800, 0.258200, 0.247000, 0.247000, 0.242200, 0.237400, 0.232600, 0.223000, 0.223000, 0.218800, 0.214600, 0.210400, 0.202000, 0.202000, 0.198400, 0.194800, 0.191200, 0.184000, 0.184000, 0.180600, 0.177200, 0.173800, 0.167000, 0.167000, 0.164000, 0.161000, 0.158000, 0.152000, 0.152000, 0.149000, 0.146000, 0.143000, 0.137000, 0.137000, 0.134600, 0.132200, 0.129800, 0.125000, 0.125000, 0.123200, 0.121400, 0.119600, 0.116000, 0.116000, 0.114800, 0.113600, 0.112400, 0.110000, 0.110000, 0.109200, 0.108400, 0.107600, 0.106000, 0.106000, 0.105400, 0.104800, 0.104200, 0.103000, 0.103000, 0.102200, 0.101400, 0.100600, 0.099000, 0.099000, 0.098000, 0.097000, 0.096000, 0.094000, 0.094000, 0.093200, 0.092400, 0.091600, 0.090000, 0.090000, 0.089200, 0.088400, 0.087600, 0.086000, 0.086000, 0.085400, 0.084800, 0.084200, 0.083000, 0.083000, 0.083000, 0.083000, 0.083000, 0.083000, 0.083000, 0.083000, 0.083000, 0.083000, 0.083000, 0.083000, 0.083400, 0.083800, 0.084200, 0.085000, 0.085000, 0.085200, 0.085400, 0.085600, 0.086000, 0.086000, 0.086200, 0.086400, 0.086600, 0.087000, 0.087000, 0.087000, 0.087000, 0.087000, 0.087000, 0.087000, 0.086800, 0.086600, 0.086400, 0.086000, 0.086000, 0.085800, 0.085600, 0.085400, 0.085000, 0.085000, 0.084800, 0.084600, 0.084400, 0.084000, 0.084000, 0.084000, 0.084000, 0.084000, 0.084000, 0.084000, 0.084200, 0.084400, 0.084600, 0.085000, 0.085000, 0.085600, 0.086200, 0.086800, 0.088000, 0.088000, 0.088800, 0.089600, 0.090400, 0.092000, 0.092000, 0.093200, 0.094400, 0.095600, 0.098000, 0.098000, 0.099400, 0.100800, 0.102200, 0.105000, 0.105000, 0.106200, 0.107400, 0.108600, 0.111000, 0.111000, 0.112400, 0.113800, 0.115200, 0.118000, 0.118000, 0.119000, 0.120000, 0.121000, 0.123000, 0.123000, 0.123600, 0.124200, 0.124800, 0.126000, 0.126000, 0.126000, 0.126000, 0.126000, 0.126000, 0.126000, 0.125600, 0.125200, 0.124800, 0.124000, 0.124000, 0.123200, 0.122400, 0.121600, 0.120000, 0.120000, 0.119400, 0.118800, 0.118200, 0.117000, 0.117000, 0.116600, 0.116200, 0.115800, 0.115000, 0.115000, 0.115000, 0.115000, 0.115000, 0.115000, 0.115000, 0.115200, 0.115400, 0.115600, 0.116000, 0.116000, 0.116400, 0.116800, 0.117200, 0.118000, 0.118000, 0.118400, 0.118800, 0.119200, 0.120000, 0.120000, 0.120800, 0.121600, 0.122400, 0.124000, 0.124000, 0.124800, 0.125600, 0.126400, 0.128000, 0.128000, 0.129000, 0.130000, 0.131000, 0.133000, 0.133000, 0.133000, 0.133000, 0.133000, 0.00001]}
