{"start": 370, "end": 730, "data": [ 0.000100, 0.000100, 0.000100, 0.000100, 0.000100, 0.000100, 0.000100, 0.000100, 0.000100, 0.000100, 0.113000, 0.113000, 0.116600, 0.120200, 0.123800, 0.131000, 0.131000, 0.134800, 0.138600, 0.142400, 0.150000, 0.150000, 0.153800, 0.157600, 0.161400, 0.169000, 0.169000, 0.171800, 0.174600, 0.177400, 0.183000, 0.183000, 0.185000, 0.187000, 0.189000, 0.193000, 0.193000, 0.194200, 0.195400, 0.196600, 0.199000, 0.199000, 0.199400, 0.199800, 0.200200, 0.201000, 0.201000, 0.201200, 0.201400, 0.201600, 0.202000, 0.202000, 0.202200, 0.202400, 0.202600, 0.203000, 0.203000, 0.203000, 0.203000, 0.203000, 0.203000, 0.203000, 0.203200, 0.203400, 0.203600, 0.204000, 0.204000, 0.204200, 0.204400, 0.204600, 0.205000, 0.205000, 0.205000, 0.205000, 0.205000, 0.205000, 0.205000, 0.205000, 0.205000, 0.205000, 0.205000, 0.205000, 0.205000, 0.205000, 0.205000, 0.205000, 0.205000, 0.204800, 0.204600, 0.204400, 0.204000, 0.204000, 0.204000, 0.204000, 0.204000, 0.204000, 0.204000, 0.203800, 0.203600, 0.203400, 0.203000, 0.203000, 0.203000, 0.203000, 0.203000, 0.203000, 0.203000, 0.202800, 0.202600, 0.202400, 0.202000, 0.202000, 0.202000, 0.202000, 0.202000, 0.202000, 0.202000, 0.202000, 0.202000, 0.202000, 0.202000, 0.202000, 0.202000, 0.202000, 0.202000, 0.202000, 0.202000, 0.202000, 0.202000, 0.202000, 0.202000, 0.202000, 0.202000, 0.202000, 0.202000, 0.202000, 0.202000, 0.202000, 0.202000, 0.202000, 0.202000, 0.202000, 0.202000, 0.202000, 0.202000, 0.202000, 0.202000, 0.202000, 0.202000, 0.202000, 0.202000, 0.202000, 0.202000, 0.202000, 0.202000, 0.202000, 0.202000, 0.202200, 0.202400, 0.202600, 0.203000, 0.203000, 0.203000, 0.203000, 0.203000, 0.203000, 0.203000, 0.203000, 0.203000, 0.203000, 0.203000, 0.203000, 0.203000, 0.203000, 0.203000, 0.203000, 0.203000, 0.203000, 0.203000, 0.203000, 0.203000, 0.203000, 0.203000, 0.203000, 0.203000, 0.203000, 0.203000, 0.203000, 0.203000, 0.203000, 0.203000, 0.203000, 0.203000, 0.203000, 0.203000, 0.203000, 0.203000, 0.203200, 0.203400, 0.203600, 0.204000, 0.204000, 0.204000, 0.204000, 0.204000, 0.204000, 0.204000, 0.204200, 0.204400, 0.204600, 0.205000, 0.205000, 0.205000, 0.205000, 0.205000, 0.205000, 0.205000, 0.205000, 0.205000, 0.205000, 0.205000, 0.205000, 0.205000, 0.205000, 0.205000, 0.205000, 0.205000, 0.204800, 0.204600, 0.204400, 0.204000, 0.204000, 0.204000, 0.204000, 0.204000, 0.204000, 0.204000, 0.204000, 0.204000, 0.204000, 0.204000, 0.204000, 0.203800, 0.203600, 0.203400, 0.203000, 0.203000, 0.203000, 0.203000, 0.203000, 0.203000, 0.203000, 0.202800, 0.202600, 0.202400, 0.202000, 0.202000, 0.201800, 0.201600, 0.201400, 0.201000, 0.201000, 0.201000, 0.201000, 0.201000, 0.201000, 0.201000, 0.200800, 0.200600, 0.200400, 0.200000, 0.200000, 0.199800, 0.199600, 0.199400, 0.199000, 0.199000, 0.198800, 0.198600, 0.198400, 0.198000, 0.198000, 0.198000, 0.198000, 0.198000, 0.198000, 0.198000, 0.197800, 0.197600, 0.197400, 0.197000, 0.197000, 0.197000, 0.197000, 0.197000, 0.197000, 0.197000, 0.196800, 0.196600, 0.196400, 0.196000, 0.196000, 0.195800, 0.195600, 0.195400, 0.195000, 0.195000, 0.195000, 0.195000, 0.195000, 0.195000, 0.195000, 0.194800, 0.194600, 0.194400, 0.194000, 0.194000, 0.194000, 0.194000, 0.194000, 0.194000, 0.194000, 0.193800, 0.193600, 0.193400, 0.193000, 0.193000, 0.192800, 0.192600, 0.192400, 0.192000, 0.192000, 0.192000, 0.192000, 0.192000, 0.192000, 0.192000, 0.191800, 0.191600, 0.191400, 0.191000, 0.191000, 0.191000, 0.191000, 0.191000, 0.191000, 0.191000, 0.190800, 0.190600, 0.190400, 0.190000, 0.190000, 0.189800, 0.189600, 0.189400, 0.189000, 0.189000, 0.189000, 0.189000, 0.189000, 0.00001]}
