{"start": 370, "end": 730, "data": [ 0.000100, 0.000100, 0.000100, 0.000100, 0.000100, 0.000100, 0.000100, 0.000100, 0.000100, 0.000100, 0.103000, 0.103000, 0.106400, 0.109800, 0.113200, 0.120000, 0.120000, 0.124200, 0.128400, 0.132600, 0.141000, 0.141000, 0.145400, 0.149800, 0.154200, 0.163000, 0.163000, 0.166800, 0.170600, 0.174400, 0.182000, 0.182000, 0.184000, 0.186000, 0.188000, 0.192000, 0.192000, 0.193000, 0.194000, 0.195000, 0.197000, 0.197000, 0.197400, 0.197800, 0.198200, 0.199000, 0.199000, 0.199400, 0.199800, 0.200200, 0.201000, 0.201000, 0.201400, 0.201800, 0.202200, 0.203000, 0.203000, 0.203400, 0.203800, 0.204200, 0.205000, 0.205000, 0.205600, 0.206200, 0.206800, 0.208000, 0.208000, 0.208800, 0.209600, 0.210400, 0.212000, 0.212000, 0.213000, 0.214000, 0.215000, 0.217000, 0.217000, 0.218400, 0.219800, 0.221200, 0.224000, 0.224000, 0.225400, 0.226800, 0.228200, 0.231000, 0.231000, 0.232800, 0.234600, 0.236400, 0.240000, 0.240000, 0.242200, 0.244400, 0.246600, 0.251000, 0.251000, 0.253200, 0.255400, 0.257600, 0.262000, 0.262000, 0.264200, 0.266400, 0.268600, 0.273000, 0.273000, 0.274800, 0.276600, 0.278400, 0.282000, 0.282000, 0.283400, 0.284800, 0.286200, 0.289000, 0.289000, 0.289800, 0.290600, 0.291400, 0.293000, 0.293000, 0.293600, 0.294200, 0.294800, 0.296000, 0.296000, 0.297000, 0.298000, 0.299000, 0.301000, 0.301000, 0.302800, 0.304600, 0.306400, 0.310000, 0.310000, 0.312200, 0.314400, 0.316600, 0.321000, 0.321000, 0.322000, 0.323000, 0.324000, 0.326000, 0.326000, 0.325200, 0.324400, 0.323600, 0.322000, 0.322000, 0.319600, 0.317200, 0.314800, 0.310000, 0.310000, 0.307600, 0.305200, 0.302800, 0.298000, 0.298000, 0.296600, 0.295200, 0.293800, 0.291000, 0.291000, 0.291200, 0.291400, 0.291600, 0.292000, 0.292000, 0.293000, 0.294000, 0.295000, 0.297000, 0.297000, 0.297600, 0.298200, 0.298800, 0.300000, 0.300000, 0.299600, 0.299200, 0.298800, 0.298000, 0.298000, 0.297400, 0.296800, 0.296200, 0.295000, 0.295000, 0.295000, 0.295000, 0.295000, 0.295000, 0.295000, 0.297000, 0.299000, 0.301000, 0.305000, 0.305000, 0.309200, 0.313400, 0.317600, 0.326000, 0.326000, 0.332400, 0.338800, 0.345200, 0.358000, 0.358000, 0.365800, 0.373600, 0.381400, 0.397000, 0.397000, 0.404600, 0.412200, 0.419800, 0.435000, 0.435000, 0.441600, 0.448200, 0.454800, 0.468000, 0.468000, 0.473200, 0.478400, 0.483600, 0.494000, 0.494000, 0.498000, 0.502000, 0.506000, 0.514000, 0.514000, 0.517200, 0.520400, 0.523600, 0.530000, 0.530000, 0.532200, 0.534400, 0.536600, 0.541000, 0.541000, 0.542800, 0.544600, 0.546400, 0.550000, 0.550000, 0.551400, 0.552800, 0.554200, 0.557000, 0.557000, 0.558400, 0.559800, 0.561200, 0.564000, 0.564000, 0.565000, 0.566000, 0.567000, 0.569000, 0.569000, 0.570000, 0.571000, 0.572000, 0.574000, 0.574000, 0.575600, 0.577200, 0.578800, 0.582000, 0.582000, 0.583600, 0.585200, 0.586800, 0.590000, 0.590000, 0.591400, 0.592800, 0.594200, 0.597000, 0.597000, 0.598600, 0.600200, 0.601800, 0.605000, 0.605000, 0.606800, 0.608600, 0.610400, 0.614000, 0.614000, 0.616000, 0.618000, 0.620000, 0.624000, 0.624000, 0.626600, 0.629200, 0.631800, 0.637000, 0.637000, 0.640000, 0.643000, 0.646000, 0.652000, 0.652000, 0.655200, 0.658400, 0.661600, 0.668000, 0.668000, 0.670800, 0.673600, 0.676400, 0.682000, 0.682000, 0.685000, 0.688000, 0.691000, 0.697000, 0.697000, 0.700200, 0.703400, 0.706600, 0.713000, 0.713000, 0.716000, 0.719000, 0.722000, 0.728000, 0.728000, 0.731400, 0.734800, 0.738200, 0.745000, 0.745000, 0.746600, 0.748200, 0.749800, 0.753000, 0.753000, 0.754800, 0.756600, 0.758400, 0.762000, 0.762000, 0.764400, 0.766800, 0.769200, 0.774000, 0.774000, 0.774000, 0.774000, 0.774000, 0.00001]}
