{"start": 370, "end": 730, "data": [ 0.000100, 0.000100, 0.000100, 0.000100, 0.000100, 0.000100, 0.000100, 0.000100, 0.000100, 0.000100, 0.150000, 0.150000, 0.156800, 0.163600, 0.170400, 0.184000, 0.184000, 0.194200, 0.204400, 0.214600, 0.235000, 0.235000, 0.247800, 0.260600, 0.273400, 0.299000, 0.299000, 0.313600, 0.328200, 0.342800, 0.372000, 0.372000, 0.389400, 0.406800, 0.424200, 0.459000, 0.459000, 0.473000, 0.487000, 0.501000, 0.529000, 0.529000, 0.536000, 0.543000, 0.550000, 0.564000, 0.564000, 0.567200, 0.570400, 0.573600, 0.580000, 0.580000, 0.580800, 0.581600, 0.582400, 0.584000, 0.584000, 0.584200, 0.584400, 0.584600, 0.585000, 0.585000, 0.585400, 0.585800, 0.586200, 0.587000, 0.587000, 0.587000, 0.587000, 0.587000, 0.587000, 0.587000, 0.587200, 0.587400, 0.587600, 0.588000, 0.588000, 0.588000, 0.588000, 0.588000, 0.588000, 0.588000, 0.587800, 0.587600, 0.587400, 0.587000, 0.587000, 0.586800, 0.586600, 0.586400, 0.586000, 0.586000, 0.585800, 0.585600, 0.585400, 0.585000, 0.585000, 0.584600, 0.584200, 0.583800, 0.583000, 0.583000, 0.582800, 0.582600, 0.582400, 0.582000, 0.582000, 0.581800, 0.581600, 0.581400, 0.581000, 0.581000, 0.580800, 0.580600, 0.580400, 0.580000, 0.580000, 0.580000, 0.580000, 0.580000, 0.580000, 0.580000, 0.580000, 0.580000, 0.580000, 0.580000, 0.580000, 0.580000, 0.580000, 0.580000, 0.580000, 0.580000, 0.580000, 0.580000, 0.580000, 0.580000, 0.580000, 0.580000, 0.580000, 0.580000, 0.580000, 0.580000, 0.580200, 0.580400, 0.580600, 0.581000, 0.581000, 0.581000, 0.581000, 0.581000, 0.581000, 0.581000, 0.581200, 0.581400, 0.581600, 0.582000, 0.582000, 0.582000, 0.582000, 0.582000, 0.582000, 0.582000, 0.582000, 0.582000, 0.582000, 0.582000, 0.582000, 0.582200, 0.582400, 0.582600, 0.583000, 0.583000, 0.583000, 0.583000, 0.583000, 0.583000, 0.583000, 0.583000, 0.583000, 0.583000, 0.583000, 0.583000, 0.583200, 0.583400, 0.583600, 0.584000, 0.584000, 0.584000, 0.584000, 0.584000, 0.584000, 0.584000, 0.584200, 0.584400, 0.584600, 0.585000, 0.585000, 0.585200, 0.585400, 0.585600, 0.586000, 0.586000, 0.586200, 0.586400, 0.586600, 0.587000, 0.587000, 0.587200, 0.587400, 0.587600, 0.588000, 0.588000, 0.588000, 0.588000, 0.588000, 0.588000, 0.588000, 0.588000, 0.588000, 0.588000, 0.588000, 0.588000, 0.588000, 0.588000, 0.588000, 0.588000, 0.588000, 0.588000, 0.588000, 0.588000, 0.588000, 0.588000, 0.587800, 0.587600, 0.587400, 0.587000, 0.587000, 0.586800, 0.586600, 0.586400, 0.586000, 0.586000, 0.586000, 0.586000, 0.586000, 0.586000, 0.586000, 0.585800, 0.585600, 0.585400, 0.585000, 0.585000, 0.584800, 0.584600, 0.584400, 0.584000, 0.584000, 0.583800, 0.583600, 0.583400, 0.583000, 0.583000, 0.582600, 0.582200, 0.581800, 0.581000, 0.581000, 0.580800, 0.580600, 0.580400, 0.580000, 0.580000, 0.579800, 0.579600, 0.579400, 0.579000, 0.579000, 0.578800, 0.578600, 0.578400, 0.578000, 0.578000, 0.577800, 0.577600, 0.577400, 0.577000, 0.577000, 0.576800, 0.576600, 0.576400, 0.576000, 0.576000, 0.575800, 0.575600, 0.575400, 0.575000, 0.575000, 0.574800, 0.574600, 0.574400, 0.574000, 0.574000, 0.573800, 0.573600, 0.573400, 0.573000, 0.573000, 0.572800, 0.572600, 0.572400, 0.572000, 0.572000, 0.571800, 0.571600, 0.571400, 0.571000, 0.571000, 0.570800, 0.570600, 0.570400, 0.570000, 0.570000, 0.569800, 0.569600, 0.569400, 0.569000, 0.569000, 0.568800, 0.568600, 0.568400, 0.568000, 0.568000, 0.567800, 0.567600, 0.567400, 0.567000, 0.567000, 0.566800, 0.566600, 0.566400, 0.566000, 0.566000, 0.565800, 0.565600, 0.565400, 0.565000, 0.565000, 0.564800, 0.564600, 0.564400, 0.564000, 0.564000, 0.563600, 0.563200, 0.562800, 0.562000, 0.562000, 0.562000, 0.562000, 0.562000, 0.00001]}
