{"start": 370, "end": 730, "data": [ 0.000100, 0.000100, 0.000100, 0.000100, 0.000100, 0.000100, 0.000100, 0.000100, 0.000100, 0.000100, 0.048000, 0.048000, 0.048200, 0.048400, 0.048600, 0.049000, 0.049000, 0.049000, 0.049000, 0.049000, 0.049000, 0.049000, 0.049000, 0.049000, 0.049000, 0.049000, 0.049000, 0.049200, 0.049400, 0.049600, 0.050000, 0.050000, 0.049800, 0.049600, 0.049400, 0.049000, 0.049000, 0.049000, 0.049000, 0.049000, 0.049000, 0.049000, 0.049200, 0.049400, 0.049600, 0.050000, 0.050000, 0.050000, 0.050000, 0.050000, 0.050000, 0.050000, 0.050200, 0.050400, 0.050600, 0.051000, 0.051000, 0.051200, 0.051400, 0.051600, 0.052000, 0.052000, 0.052200, 0.052400, 0.052600, 0.053000, 0.053000, 0.053200, 0.053400, 0.053600, 0.054000, 0.054000, 0.054400, 0.054800, 0.055200, 0.056000, 0.056000, 0.056400, 0.056800, 0.057200, 0.058000, 0.058000, 0.058400, 0.058800, 0.059200, 0.060000, 0.060000, 0.060200, 0.060400, 0.060600, 0.061000, 0.061000, 0.061400, 0.061800, 0.062200, 0.063000, 0.063000, 0.063200, 0.063400, 0.063600, 0.064000, 0.064000, 0.064200, 0.064400, 0.064600, 0.065000, 0.065000, 0.065400, 0.065800, 0.066200, 0.067000, 0.067000, 0.067200, 0.067400, 0.067600, 0.068000, 0.068000, 0.068400, 0.068800, 0.069200, 0.070000, 0.070000, 0.070400, 0.070800, 0.071200, 0.072000, 0.072000, 0.073200, 0.074400, 0.075600, 0.078000, 0.078000, 0.080000, 0.082000, 0.084000, 0.088000, 0.088000, 0.091600, 0.095200, 0.098800, 0.106000, 0.106000, 0.110800, 0.115600, 0.120400, 0.130000, 0.130000, 0.135000, 0.140000, 0.145000, 0.155000, 0.155000, 0.158600, 0.162200, 0.165800, 0.173000, 0.173000, 0.174600, 0.176200, 0.177800, 0.181000, 0.181000, 0.181200, 0.181400, 0.181600, 0.182000, 0.182000, 0.181000, 0.180000, 0.179000, 0.177000, 0.177000, 0.175200, 0.173400, 0.171600, 0.168000, 0.168000, 0.165800, 0.163600, 0.161400, 0.157000, 0.157000, 0.155000, 0.153000, 0.151000, 0.147000, 0.147000, 0.145000, 0.143000, 0.141000, 0.137000, 0.137000, 0.135400, 0.133800, 0.132200, 0.129000, 0.129000, 0.128400, 0.127800, 0.127200, 0.126000, 0.126000, 0.125800, 0.125600, 0.125400, 0.125000, 0.125000, 0.124400, 0.123800, 0.123200, 0.122000, 0.122000, 0.121400, 0.120800, 0.120200, 0.119000, 0.119000, 0.118200, 0.117400, 0.116600, 0.115000, 0.115000, 0.113800, 0.112600, 0.111400, 0.109000, 0.109000, 0.108000, 0.107000, 0.106000, 0.104000, 0.104000, 0.103200, 0.102400, 0.101600, 0.100000, 0.100000, 0.099600, 0.099200, 0.098800, 0.098000, 0.098000, 0.097800, 0.097600, 0.097400, 0.097000, 0.097000, 0.097200, 0.097400, 0.097600, 0.098000, 0.098000, 0.098400, 0.098800, 0.099200, 0.100000, 0.100000, 0.100000, 0.100000, 0.100000, 0.100000, 0.100000, 0.099800, 0.099600, 0.099400, 0.099000, 0.099000, 0.098600, 0.098200, 0.097800, 0.097000, 0.097000, 0.096800, 0.096600, 0.096400, 0.096000, 0.096000, 0.095800, 0.095600, 0.095400, 0.095000, 0.095000, 0.095000, 0.095000, 0.095000, 0.095000, 0.095000, 0.095000, 0.095000, 0.095000, 0.095000, 0.095000, 0.095400, 0.095800, 0.096200, 0.097000, 0.097000, 0.097800, 0.098600, 0.099400, 0.101000, 0.101000, 0.102800, 0.104600, 0.106400, 0.110000, 0.110000, 0.113000, 0.116000, 0.119000, 0.125000, 0.125000, 0.129400, 0.133800, 0.138200, 0.147000, 0.147000, 0.152400, 0.157800, 0.163200, 0.174000, 0.174000, 0.181200, 0.188400, 0.195600, 0.210000, 0.210000, 0.217400, 0.224800, 0.232200, 0.247000, 0.247000, 0.254200, 0.261400, 0.268600, 0.283000, 0.283000, 0.288600, 0.294200, 0.299800, 0.311000, 0.311000, 0.314600, 0.318200, 0.321800, 0.329000, 0.329000, 0.331800, 0.334600, 0.337400, 0.343000, 0.343000, 0.345000, 0.347000, 0.349000, 0.353000, 0.353000, 0.353000, 0.353000, 0.353000, 0.00001]}
