{"start": 370, "end": 730, "data": [ 0.000100, 0.000100, 0.000100, 0.000100, 0.000100, 0.000100, 0.000100, 0.000100, 0.000100, 0.000100, 0.138000, 0.138000, 0.143800, 0.149600, 0.155400, 0.167000, 0.167000, 0.174800, 0.182600, 0.190400, 0.206000, 0.206000, 0.214600, 0.223200, 0.231800, 0.249000, 0.249000, 0.257000, 0.265000, 0.273000, 0.289000, 0.289000, 0.296000, 0.303000, 0.310000, 0.324000, 0.324000, 0.328400, 0.332800, 0.337200, 0.346000, 0.346000, 0.347600, 0.349200, 0.350800, 0.354000, 0.354000, 0.354600, 0.355200, 0.355800, 0.357000, 0.357000, 0.357200, 0.357400, 0.357600, 0.358000, 0.358000, 0.358200, 0.358400, 0.358600, 0.359000, 0.359000, 0.359200, 0.359400, 0.359600, 0.360000, 0.360000, 0.360200, 0.360400, 0.360600, 0.361000, 0.361000, 0.361200, 0.361400, 0.361600, 0.362000, 0.362000, 0.362000, 0.362000, 0.362000, 0.362000, 0.362000, 0.361800, 0.361600, 0.361400, 0.361000, 0.361000, 0.361000, 0.361000, 0.361000, 0.361000, 0.361000, 0.360600, 0.360200, 0.359800, 0.359000, 0.359000, 0.358800, 0.358600, 0.358400, 0.358000, 0.358000, 0.358000, 0.358000, 0.358000, 0.358000, 0.358000, 0.357800, 0.357600, 0.357400, 0.357000, 0.357000, 0.356800, 0.356600, 0.356400, 0.356000, 0.356000, 0.356000, 0.356000, 0.356000, 0.356000, 0.356000, 0.356000, 0.356000, 0.356000, 0.356000, 0.356000, 0.356000, 0.356000, 0.356000, 0.356000, 0.356000, 0.356000, 0.356000, 0.356000, 0.356000, 0.356000, 0.356000, 0.356000, 0.356000, 0.356000, 0.356000, 0.356000, 0.356000, 0.356000, 0.356000, 0.356000, 0.356200, 0.356400, 0.356600, 0.357000, 0.357000, 0.357000, 0.357000, 0.357000, 0.357000, 0.357000, 0.357000, 0.357000, 0.357000, 0.357000, 0.357000, 0.357200, 0.357400, 0.357600, 0.358000, 0.358000, 0.358000, 0.358000, 0.358000, 0.358000, 0.358000, 0.358000, 0.358000, 0.358000, 0.358000, 0.358000, 0.358000, 0.358000, 0.358000, 0.358000, 0.358000, 0.358000, 0.358000, 0.358000, 0.358000, 0.358000, 0.358200, 0.358400, 0.358600, 0.359000, 0.359000, 0.359000, 0.359000, 0.359000, 0.359000, 0.359000, 0.359200, 0.359400, 0.359600, 0.360000, 0.360000, 0.360200, 0.360400, 0.360600, 0.361000, 0.361000, 0.361000, 0.361000, 0.361000, 0.361000, 0.361000, 0.361000, 0.361000, 0.361000, 0.361000, 0.361000, 0.361000, 0.361000, 0.361000, 0.361000, 0.361000, 0.361000, 0.361000, 0.361000, 0.361000, 0.361000, 0.360800, 0.360600, 0.360400, 0.360000, 0.360000, 0.360000, 0.360000, 0.360000, 0.360000, 0.360000, 0.359800, 0.359600, 0.359400, 0.359000, 0.359000, 0.358800, 0.358600, 0.358400, 0.358000, 0.358000, 0.357800, 0.357600, 0.357400, 0.357000, 0.357000, 0.356800, 0.356600, 0.356400, 0.356000, 0.356000, 0.355800, 0.355600, 0.355400, 0.355000, 0.355000, 0.354800, 0.354600, 0.354400, 0.354000, 0.354000, 0.353800, 0.353600, 0.353400, 0.353000, 0.353000, 0.352800, 0.352600, 0.352400, 0.352000, 0.352000, 0.351800, 0.351600, 0.351400, 0.351000, 0.351000, 0.350800, 0.350600, 0.350400, 0.350000, 0.350000, 0.349800, 0.349600, 0.349400, 0.349000, 0.349000, 0.348800, 0.348600, 0.348400, 0.348000, 0.348000, 0.347600, 0.347200, 0.346800, 0.346000, 0.346000, 0.346000, 0.346000, 0.346000, 0.346000, 0.346000, 0.345800, 0.345600, 0.345400, 0.345000, 0.345000, 0.344800, 0.344600, 0.344400, 0.344000, 0.344000, 0.343800, 0.343600, 0.343400, 0.343000, 0.343000, 0.342800, 0.342600, 0.342400, 0.342000, 0.342000, 0.341800, 0.341600, 0.341400, 0.341000, 0.341000, 0.340800, 0.340600, 0.340400, 0.340000, 0.340000, 0.339800, 0.339600, 0.339400, 0.339000, 0.339000, 0.338800, 0.338600, 0.338400, 0.338000, 0.338000, 0.337800, 0.337600, 0.337400, 0.337000, 0.337000, 0.336800, 0.336600, 0.336400, 0.336000, 0.336000, 0.336000, 0.336000, 0.336000, 0.00001]}
