{"start": 370, "end": 730, "data": [ 0.000100, 0.000100, 0.000100, 0.000100, 0.000100, 0.000100, 0.000100, 0.000100, 0.000100, 0.000100, 0.074000, 0.074000, 0.075000, 0.076000, 0.077000, 0.079000, 0.079000, 0.080000, 0.081000, 0.082000, 0.084000, 0.084000, 0.084800, 0.085600, 0.086400, 0.088000, 0.088000, 0.088600, 0.089200, 0.089800, 0.091000, 0.091000, 0.091400, 0.091800, 0.092200, 0.093000, 0.093000, 0.093200, 0.093400, 0.093600, 0.094000, 0.094000, 0.094000, 0.094000, 0.094000, 0.094000, 0.094000, 0.094000, 0.094000, 0.094000, 0.094000, 0.094000, 0.094000, 0.094000, 0.094000, 0.094000, 0.094000, 0.094000, 0.094000, 0.094000, 0.094000, 0.094000, 0.094200, 0.094400, 0.094600, 0.095000, 0.095000, 0.095000, 0.095000, 0.095000, 0.095000, 0.095000, 0.095000, 0.095000, 0.095000, 0.095000, 0.095000, 0.095000, 0.095000, 0.095000, 0.095000, 0.095000, 0.094800, 0.094600, 0.094400, 0.094000, 0.094000, 0.094000, 0.094000, 0.094000, 0.094000, 0.094000, 0.094000, 0.094000, 0.094000, 0.094000, 0.094000, 0.094000, 0.094000, 0.094000, 0.094000, 0.094000, 0.093800, 0.093600, 0.093400, 0.093000, 0.093000, 0.093000, 0.093000, 0.093000, 0.093000, 0.093000, 0.093000, 0.093000, 0.093000, 0.093000, 0.093000, 0.093000, 0.093000, 0.093000, 0.093000, 0.093000, 0.092800, 0.092600, 0.092400, 0.092000, 0.092000, 0.092000, 0.092000, 0.092000, 0.092000, 0.092000, 0.092200, 0.092400, 0.092600, 0.093000, 0.093000, 0.093000, 0.093000, 0.093000, 0.093000, 0.093000, 0.093000, 0.093000, 0.093000, 0.093000, 0.093000, 0.093000, 0.093000, 0.093000, 0.093000, 0.093000, 0.093000, 0.093000, 0.093000, 0.093000, 0.093000, 0.093000, 0.093000, 0.093000, 0.093000, 0.093000, 0.093000, 0.093000, 0.093000, 0.093000, 0.093000, 0.093000, 0.093000, 0.093000, 0.093000, 0.093000, 0.093000, 0.093000, 0.093000, 0.093000, 0.093000, 0.093000, 0.093000, 0.093000, 0.093000, 0.093000, 0.092800, 0.092600, 0.092400, 0.092000, 0.092000, 0.092200, 0.092400, 0.092600, 0.093000, 0.093000, 0.093000, 0.093000, 0.093000, 0.093000, 0.093000, 0.093000, 0.093000, 0.093000, 0.093000, 0.093000, 0.093000, 0.093000, 0.093000, 0.093000, 0.093000, 0.093000, 0.093000, 0.093000, 0.093000, 0.093000, 0.093000, 0.093000, 0.093000, 0.093000, 0.093000, 0.093000, 0.093000, 0.093000, 0.093000, 0.093000, 0.092800, 0.092600, 0.092400, 0.092000, 0.092000, 0.092000, 0.092000, 0.092000, 0.092000, 0.092000, 0.092000, 0.092000, 0.092000, 0.092000, 0.092000, 0.092000, 0.092000, 0.092000, 0.092000, 0.092000, 0.091800, 0.091600, 0.091400, 0.091000, 0.091000, 0.091000, 0.091000, 0.091000, 0.091000, 0.091000, 0.091000, 0.091000, 0.091000, 0.091000, 0.091000, 0.090800, 0.090600, 0.090400, 0.090000, 0.090000, 0.090000, 0.090000, 0.090000, 0.090000, 0.090000, 0.090000, 0.090000, 0.090000, 0.090000, 0.090000, 0.090000, 0.090000, 0.090000, 0.090000, 0.090000, 0.089800, 0.089600, 0.089400, 0.089000, 0.089000, 0.089000, 0.089000, 0.089000, 0.089000, 0.089000, 0.089000, 0.089000, 0.089000, 0.089000, 0.089000, 0.088800, 0.088600, 0.088400, 0.088000, 0.088000, 0.088000, 0.088000, 0.088000, 0.088000, 0.088000, 0.088000, 0.088000, 0.088000, 0.088000, 0.088000, 0.087800, 0.087600, 0.087400, 0.087000, 0.087000, 0.087000, 0.087000, 0.087000, 0.087000, 0.087000, 0.087000, 0.087000, 0.087000, 0.087000, 0.087000, 0.087000, 0.087000, 0.087000, 0.087000, 0.087000, 0.086800, 0.086600, 0.086400, 0.086000, 0.086000, 0.086000, 0.086000, 0.086000, 0.086000, 0.086000, 0.086000, 0.086000, 0.086000, 0.086000, 0.086000, 0.086000, 0.086000, 0.086000, 0.086000, 0.086000, 0.085800, 0.085600, 0.085400, 0.085000, 0.085000, 0.085000, 0.085000, 0.085000, 0.085000, 0.085000, 0.085000, 0.085000, 0.085000, 0.00001]}
