{"start": 370, "end": 730, "data": [ 0.000100, 0.000100, 0.000100, 0.000100, 0.000100, 0.000100, 0.000100, 0.000100, 0.000100, 0.000100, 0.032000, 0.032000, 0.032200, 0.032400, 0.032600, 0.033000, 0.033000, 0.033000, 0.033000, 0.033000, 0.033000, 0.033000, 0.033200, 0.033400, 0.033600, 0.034000, 0.034000, 0.034200, 0.034400, 0.034600, 0.035000, 0.035000, 0.035000, 0.035000, 0.035000, 0.035000, 0.035000, 0.035200, 0.035400, 0.035600, 0.036000, 0.036000, 0.036000, 0.036000, 0.036000, 0.036000, 0.036000, 0.036000, 0.036000, 0.036000, 0.036000, 0.036000, 0.036000, 0.036000, 0.036000, 0.036000, 0.036000, 0.036000, 0.036000, 0.036000, 0.036000, 0.036000, 0.036000, 0.036000, 0.036000, 0.036000, 0.036000, 0.035800, 0.035600, 0.035400, 0.035000, 0.035000, 0.035000, 0.035000, 0.035000, 0.035000, 0.035000, 0.035000, 0.035000, 0.035000, 0.035000, 0.035000, 0.035000, 0.035000, 0.035000, 0.035000, 0.035000, 0.035000, 0.035000, 0.035000, 0.035000, 0.035000, 0.035000, 0.035000, 0.035000, 0.035000, 0.035000, 0.035000, 0.035000, 0.035000, 0.035000, 0.035000, 0.035000, 0.035000, 0.035000, 0.035000, 0.035000, 0.034800, 0.034600, 0.034400, 0.034000, 0.034000, 0.034000, 0.034000, 0.034000, 0.034000, 0.034000, 0.034000, 0.034000, 0.034000, 0.034000, 0.034000, 0.034000, 0.034000, 0.034000, 0.034000, 0.034000, 0.034000, 0.034000, 0.034000, 0.034000, 0.034000, 0.034000, 0.034000, 0.034000, 0.034000, 0.034000, 0.034000, 0.034000, 0.034000, 0.034000, 0.034000, 0.034000, 0.034000, 0.034000, 0.034000, 0.034000, 0.034000, 0.034000, 0.034000, 0.034000, 0.034000, 0.034000, 0.034000, 0.034000, 0.034000, 0.034000, 0.034000, 0.034000, 0.034000, 0.034000, 0.034000, 0.034000, 0.034000, 0.034000, 0.034000, 0.034000, 0.034000, 0.034000, 0.034000, 0.034000, 0.034000, 0.034000, 0.034000, 0.034000, 0.034000, 0.034000, 0.034000, 0.034000, 0.034000, 0.034000, 0.034000, 0.034000, 0.034000, 0.034000, 0.034000, 0.034000, 0.033800, 0.033600, 0.033400, 0.033000, 0.033000, 0.033000, 0.033000, 0.033000, 0.033000, 0.033000, 0.033000, 0.033000, 0.033000, 0.033000, 0.033000, 0.033000, 0.033000, 0.033000, 0.033000, 0.033000, 0.033000, 0.033000, 0.033000, 0.033000, 0.033000, 0.033000, 0.033000, 0.033000, 0.033000, 0.033000, 0.033000, 0.033000, 0.033000, 0.033000, 0.033000, 0.033000, 0.033000, 0.033000, 0.033000, 0.033000, 0.033000, 0.033000, 0.033000, 0.033000, 0.033000, 0.033000, 0.033000, 0.033000, 0.033000, 0.033000, 0.033000, 0.033000, 0.033000, 0.033000, 0.033000, 0.033000, 0.033000, 0.033000, 0.033000, 0.033000, 0.033000, 0.033000, 0.033000, 0.033000, 0.033000, 0.033000, 0.033000, 0.033000, 0.033000, 0.033000, 0.033000, 0.033000, 0.033000, 0.033000, 0.033000, 0.033000, 0.033000, 0.033000, 0.033000, 0.033000, 0.033000, 0.033000, 0.033000, 0.033000, 0.033000, 0.033000, 0.033000, 0.033000, 0.033000, 0.033000, 0.033000, 0.033000, 0.033000, 0.033000, 0.033000, 0.033000, 0.033000, 0.033000, 0.033000, 0.033000, 0.033000, 0.033000, 0.033000, 0.033000, 0.033000, 0.033000, 0.033000, 0.033000, 0.033000, 0.033000, 0.033000, 0.033000, 0.033000, 0.033000, 0.033000, 0.033000, 0.033000, 0.033000, 0.033000, 0.033000, 0.033000, 0.033000, 0.033000, 0.033000, 0.033000, 0.033000, 0.033000, 0.033000, 0.033000, 0.033000, 0.032800, 0.032600, 0.032400, 0.032000, 0.032000, 0.032000, 0.032000, 0.032000, 0.032000, 0.032000, 0.032000, 0.032000, 0.032000, 0.032000, 0.032000, 0.032000, 0.032000, 0.032000, 0.032000, 0.032000, 0.032000, 0.032000, 0.032000, 0.032000, 0.032000, 0.032000, 0.032000, 0.032000, 0.032000, 0.032000, 0.032000, 0.032000, 0.032000, 0.032000, 0.032000, 0.032000, 0.032000, 0.032000, 0.032000, 0.032000, 0.032000, 0.032000, 0.032000, 0.00001]}
