{"start": 370, "end": 730, "data": [ 0.000100, 0.000100, 0.000100, 0.000100, 0.000100, 0.000100, 0.000100, 0.000100, 0.000100, 0.000100, 0.053000, 0.053000, 0.053200, 0.053400, 0.053600, 0.054000, 0.054000, 0.054000, 0.054000, 0.054000, 0.054000, 0.054000, 0.054000, 0.054000, 0.054000, 0.054000, 0.054000, 0.054000, 0.054000, 0.054000, 0.054000, 0.054000, 0.054000, 0.054000, 0.054000, 0.054000, 0.054000, 0.053800, 0.053600, 0.053400, 0.053000, 0.053000, 0.053000, 0.053000, 0.053000, 0.053000, 0.053000, 0.052800, 0.052600, 0.052400, 0.052000, 0.052000, 0.052000, 0.052000, 0.052000, 0.052000, 0.052000, 0.052000, 0.052000, 0.052000, 0.052000, 0.052000, 0.052000, 0.052000, 0.052000, 0.052000, 0.052000, 0.052000, 0.052000, 0.052000, 0.052000, 0.052000, 0.052000, 0.052000, 0.052000, 0.052000, 0.052000, 0.052000, 0.052000, 0.052000, 0.052000, 0.052000, 0.052000, 0.052000, 0.052000, 0.052000, 0.052000, 0.052000, 0.052000, 0.052000, 0.052000, 0.052000, 0.052000, 0.052000, 0.052000, 0.052000, 0.052000, 0.052200, 0.052400, 0.052600, 0.053000, 0.053000, 0.053200, 0.053400, 0.053600, 0.054000, 0.054000, 0.054200, 0.054400, 0.054600, 0.055000, 0.055000, 0.055200, 0.055400, 0.055600, 0.056000, 0.056000, 0.056200, 0.056400, 0.056600, 0.057000, 0.057000, 0.057400, 0.057800, 0.058200, 0.059000, 0.059000, 0.059400, 0.059800, 0.060200, 0.061000, 0.061000, 0.061600, 0.062200, 0.062800, 0.064000, 0.064000, 0.064800, 0.065600, 0.066400, 0.068000, 0.068000, 0.069600, 0.071200, 0.072800, 0.076000, 0.076000, 0.078000, 0.080000, 0.082000, 0.086000, 0.086000, 0.089000, 0.092000, 0.095000, 0.101000, 0.101000, 0.104800, 0.108600, 0.112400, 0.120000, 0.120000, 0.124600, 0.129200, 0.133800, 0.143000, 0.143000, 0.148400, 0.153800, 0.159200, 0.170000, 0.170000, 0.175600, 0.181200, 0.186800, 0.198000, 0.198000, 0.204000, 0.210000, 0.216000, 0.228000, 0.228000, 0.234400, 0.240800, 0.247200, 0.260000, 0.260000, 0.267400, 0.274800, 0.282200, 0.297000, 0.297000, 0.305200, 0.313400, 0.321600, 0.338000, 0.338000, 0.346400, 0.354800, 0.363200, 0.380000, 0.380000, 0.387600, 0.395200, 0.402800, 0.418000, 0.418000, 0.424800, 0.431600, 0.438400, 0.452000, 0.452000, 0.457800, 0.463600, 0.469400, 0.481000, 0.481000, 0.485400, 0.489800, 0.494200, 0.503000, 0.503000, 0.506400, 0.509800, 0.513200, 0.520000, 0.520000, 0.522400, 0.524800, 0.527200, 0.532000, 0.532000, 0.534200, 0.536400, 0.538600, 0.543000, 0.543000, 0.544800, 0.546600, 0.548400, 0.552000, 0.552000, 0.553600, 0.555200, 0.556800, 0.560000, 0.560000, 0.561200, 0.562400, 0.563600, 0.566000, 0.566000, 0.567200, 0.568400, 0.569600, 0.572000, 0.572000, 0.573200, 0.574400, 0.575600, 0.578000, 0.578000, 0.579000, 0.580000, 0.581000, 0.583000, 0.583000, 0.583800, 0.584600, 0.585400, 0.587000, 0.587000, 0.588200, 0.589400, 0.590600, 0.593000, 0.593000, 0.594200, 0.595400, 0.596600, 0.599000, 0.599000, 0.599600, 0.600200, 0.600800, 0.602000, 0.602000, 0.602400, 0.602800, 0.603200, 0.604000, 0.604000, 0.604400, 0.604800, 0.605200, 0.606000, 0.606000, 0.606400, 0.606800, 0.607200, 0.608000, 0.608000, 0.608600, 0.609200, 0.609800, 0.611000, 0.611000, 0.611800, 0.612600, 0.613400, 0.615000, 0.615000, 0.615800, 0.616600, 0.617400, 0.619000, 0.619000, 0.619600, 0.620200, 0.620800, 0.622000, 0.622000, 0.622600, 0.623200, 0.623800, 0.625000, 0.625000, 0.625600, 0.626200, 0.626800, 0.628000, 0.628000, 0.628400, 0.628800, 0.629200, 0.630000, 0.630000, 0.630600, 0.631200, 0.631800, 0.633000, 0.633000, 0.633000, 0.633000, 0.633000, 0.633000, 0.633000, 0.633000, 0.633000, 0.633000, 0.633000, 0.633000, 0.633600, 0.634200, 0.634800, 0.636000, 0.636000, 0.636000, 0.636000, 0.636000, 0.00001]}
