{"start": 370, "end": 730, "data": [ 0.000100, 0.000100, 0.000100, 0.000100, 0.000100, 0.000100, 0.000100, 0.000100, 0.000100, 0.000100, 0.056000, 0.056000, 0.056400, 0.056800, 0.057200, 0.058000, 0.058000, 0.058200, 0.058400, 0.058600, 0.059000, 0.059000, 0.059000, 0.059000, 0.059000, 0.059000, 0.059000, 0.059200, 0.059400, 0.059600, 0.060000, 0.060000, 0.060200, 0.060400, 0.060600, 0.061000, 0.061000, 0.061000, 0.061000, 0.061000, 0.061000, 0.061000, 0.061000, 0.061000, 0.061000, 0.061000, 0.061000, 0.061200, 0.061400, 0.061600, 0.062000, 0.062000, 0.062200, 0.062400, 0.062600, 0.063000, 0.063000, 0.063200, 0.063400, 0.063600, 0.064000, 0.064000, 0.064400, 0.064800, 0.065200, 0.066000, 0.066000, 0.066400, 0.066800, 0.067200, 0.068000, 0.068000, 0.068600, 0.069200, 0.069800, 0.071000, 0.071000, 0.071800, 0.072600, 0.073400, 0.075000, 0.075000, 0.075800, 0.076600, 0.077400, 0.079000, 0.079000, 0.080200, 0.081400, 0.082600, 0.085000, 0.085000, 0.086600, 0.088200, 0.089800, 0.093000, 0.093000, 0.095200, 0.097400, 0.099600, 0.104000, 0.104000, 0.106800, 0.109600, 0.112400, 0.118000, 0.118000, 0.121400, 0.124800, 0.128200, 0.135000, 0.135000, 0.139400, 0.143800, 0.148200, 0.157000, 0.157000, 0.162600, 0.168200, 0.173800, 0.185000, 0.185000, 0.192200, 0.199400, 0.206600, 0.221000, 0.221000, 0.230600, 0.240200, 0.249800, 0.269000, 0.269000, 0.280400, 0.291800, 0.303200, 0.326000, 0.326000, 0.337600, 0.349200, 0.360800, 0.384000, 0.384000, 0.395200, 0.406400, 0.417600, 0.440000, 0.440000, 0.448800, 0.457600, 0.466400, 0.484000, 0.484000, 0.490400, 0.496800, 0.503200, 0.516000, 0.516000, 0.519600, 0.523200, 0.526800, 0.534000, 0.534000, 0.535600, 0.537200, 0.538800, 0.542000, 0.542000, 0.542600, 0.543200, 0.543800, 0.545000, 0.545000, 0.544200, 0.543400, 0.542600, 0.541000, 0.541000, 0.539400, 0.537800, 0.536200, 0.533000, 0.533000, 0.531200, 0.529400, 0.527600, 0.524000, 0.524000, 0.521800, 0.519600, 0.517400, 0.513000, 0.513000, 0.510600, 0.508200, 0.505800, 0.501000, 0.501000, 0.498200, 0.495400, 0.492600, 0.487000, 0.487000, 0.484000, 0.481000, 0.478000, 0.472000, 0.472000, 0.468400, 0.464800, 0.461200, 0.454000, 0.454000, 0.450400, 0.446800, 0.443200, 0.436000, 0.436000, 0.432000, 0.428000, 0.424000, 0.416000, 0.416000, 0.411600, 0.407200, 0.402800, 0.394000, 0.394000, 0.390000, 0.386000, 0.382000, 0.374000, 0.374000, 0.370800, 0.367600, 0.364400, 0.358000, 0.358000, 0.355600, 0.353200, 0.350800, 0.346000, 0.346000, 0.344200, 0.342400, 0.340600, 0.337000, 0.337000, 0.335800, 0.334600, 0.333400, 0.331000, 0.331000, 0.330400, 0.329800, 0.329200, 0.328000, 0.328000, 0.327400, 0.326800, 0.326200, 0.325000, 0.325000, 0.324400, 0.323800, 0.323200, 0.322000, 0.322000, 0.321600, 0.321200, 0.320800, 0.320000, 0.320000, 0.319800, 0.319600, 0.319400, 0.319000, 0.319000, 0.319000, 0.319000, 0.319000, 0.319000, 0.319000, 0.319200, 0.319400, 0.319600, 0.320000, 0.320000, 0.320800, 0.321600, 0.322400, 0.324000, 0.324000, 0.325200, 0.326400, 0.327600, 0.330000, 0.330000, 0.331400, 0.332800, 0.334200, 0.337000, 0.337000, 0.338600, 0.340200, 0.341800, 0.345000, 0.345000, 0.346800, 0.348600, 0.350400, 0.354000, 0.354000, 0.355600, 0.357200, 0.358800, 0.362000, 0.362000, 0.363200, 0.364400, 0.365600, 0.368000, 0.368000, 0.369400, 0.370800, 0.372200, 0.375000, 0.375000, 0.375800, 0.376600, 0.377400, 0.379000, 0.379000, 0.379400, 0.379800, 0.380200, 0.381000, 0.381000, 0.380600, 0.380200, 0.379800, 0.379000, 0.379000, 0.378400, 0.377800, 0.377200, 0.376000, 0.376000, 0.375400, 0.374800, 0.374200, 0.373000, 0.373000, 0.372800, 0.372600, 0.372400, 0.372000, 0.372000, 0.372000, 0.372000, 0.372000, 0.00001]}
