{"start": 370, "end": 730, "data": [ 0.000100, 0.000100, 0.000100, 0.000100, 0.000100, 0.000100, 0.000100, 0.000100, 0.000100, 0.000100, 0.048000, 0.048000, 0.048600, 0.049200, 0.049800, 0.051000, 0.051000, 0.051800, 0.052600, 0.053400, 0.055000, 0.055000, 0.056000, 0.057000, 0.058000, 0.060000, 0.060000, 0.061000, 0.062000, 0.063000, 0.065000, 0.065000, 0.065600, 0.066200, 0.066800, 0.068000, 0.068000, 0.068000, 0.068000, 0.068000, 0.068000, 0.068000, 0.067800, 0.067600, 0.067400, 0.067000, 0.067000, 0.066400, 0.065800, 0.065200, 0.064000, 0.064000, 0.063600, 0.063200, 0.062800, 0.062000, 0.062000, 0.061400, 0.060800, 0.060200, 0.059000, 0.059000, 0.058600, 0.058200, 0.057800, 0.057000, 0.057000, 0.056600, 0.056200, 0.055800, 0.055000, 0.055000, 0.054800, 0.054600, 0.054400, 0.054000, 0.054000, 0.053800, 0.053600, 0.053400, 0.053000, 0.053000, 0.053000, 0.053000, 0.053000, 0.053000, 0.053000, 0.052800, 0.052600, 0.052400, 0.052000, 0.052000, 0.052000, 0.052000, 0.052000, 0.052000, 0.052000, 0.052000, 0.052000, 0.052000, 0.052000, 0.052000, 0.052200, 0.052400, 0.052600, 0.053000, 0.053000, 0.053200, 0.053400, 0.053600, 0.054000, 0.054000, 0.054200, 0.054400, 0.054600, 0.055000, 0.055000, 0.055400, 0.055800, 0.056200, 0.057000, 0.057000, 0.057400, 0.057800, 0.058200, 0.059000, 0.059000, 0.059400, 0.059800, 0.060200, 0.061000, 0.061000, 0.061200, 0.061400, 0.061600, 0.062000, 0.062000, 0.062600, 0.063200, 0.063800, 0.065000, 0.065000, 0.065400, 0.065800, 0.066200, 0.067000, 0.067000, 0.067600, 0.068200, 0.068800, 0.070000, 0.070000, 0.070400, 0.070800, 0.071200, 0.072000, 0.072000, 0.072400, 0.072800, 0.073200, 0.074000, 0.074000, 0.074200, 0.074400, 0.074600, 0.075000, 0.075000, 0.075200, 0.075400, 0.075600, 0.076000, 0.076000, 0.076400, 0.076800, 0.077200, 0.078000, 0.078000, 0.078200, 0.078400, 0.078600, 0.079000, 0.079000, 0.079600, 0.080200, 0.080800, 0.082000, 0.082000, 0.083000, 0.084000, 0.085000, 0.087000, 0.087000, 0.088000, 0.089000, 0.090000, 0.092000, 0.092000, 0.093600, 0.095200, 0.096800, 0.100000, 0.100000, 0.101400, 0.102800, 0.104200, 0.107000, 0.107000, 0.108600, 0.110200, 0.111800, 0.115000, 0.115000, 0.116400, 0.117800, 0.119200, 0.122000, 0.122000, 0.123400, 0.124800, 0.126200, 0.129000, 0.129000, 0.130000, 0.131000, 0.132000, 0.134000, 0.134000, 0.134800, 0.135600, 0.136400, 0.138000, 0.138000, 0.138800, 0.139600, 0.140400, 0.142000, 0.142000, 0.142800, 0.143600, 0.144400, 0.146000, 0.146000, 0.146800, 0.147600, 0.148400, 0.150000, 0.150000, 0.150800, 0.151600, 0.152400, 0.154000, 0.154000, 0.154800, 0.155600, 0.156400, 0.158000, 0.158000, 0.159000, 0.160000, 0.161000, 0.163000, 0.163000, 0.163800, 0.164600, 0.165400, 0.167000, 0.167000, 0.168200, 0.169400, 0.170600, 0.173000, 0.173000, 0.174400, 0.175800, 0.177200, 0.180000, 0.180000, 0.181600, 0.183200, 0.184800, 0.188000, 0.188000, 0.189600, 0.191200, 0.192800, 0.196000, 0.196000, 0.197600, 0.199200, 0.200800, 0.204000, 0.204000, 0.205800, 0.207600, 0.209400, 0.213000, 0.213000, 0.214800, 0.216600, 0.218400, 0.222000, 0.222000, 0.223800, 0.225600, 0.227400, 0.231000, 0.231000, 0.233200, 0.235400, 0.237600, 0.242000, 0.242000, 0.243800, 0.245600, 0.247400, 0.251000, 0.251000, 0.253000, 0.255000, 0.257000, 0.261000, 0.261000, 0.263000, 0.265000, 0.267000, 0.271000, 0.271000, 0.273200, 0.275400, 0.277600, 0.282000, 0.282000, 0.284400, 0.286800, 0.289200, 0.294000, 0.294000, 0.296200, 0.298400, 0.300600, 0.305000, 0.305000, 0.307600, 0.310200, 0.312800, 0.318000, 0.318000, 0.321200, 0.324400, 0.327600, 0.334000, 0.334000, 0.338000, 0.342000, 0.346000, 0.354000, 0.354000, 0.354000, 0.354000, 0.354000, 0.00001]}
