{"start": 370, "end": 730, "data": [ 0.000100, 0.000100, 0.000100, 0.000100, 0.000100, 0.000100, 0.000100, 0.000100, 0.000100, 0.000100, 0.110000, 0.110000, 0.114600, 0.119200, 0.123800, 0.133000, 0.133000, 0.139800, 0.146600, 0.153400, 0.167000, 0.167000, 0.175200, 0.183400, 0.191600, 0.208000, 0.208000, 0.216800, 0.225600, 0.234400, 0.252000, 0.252000, 0.258400, 0.264800, 0.271200, 0.284000, 0.284000, 0.287800, 0.291600, 0.295400, 0.303000, 0.303000, 0.305200, 0.307400, 0.309600, 0.314000, 0.314000, 0.315600, 0.317200, 0.318800, 0.322000, 0.322000, 0.323400, 0.324800, 0.326200, 0.329000, 0.329000, 0.330400, 0.331800, 0.333200, 0.336000, 0.336000, 0.337600, 0.339200, 0.340800, 0.344000, 0.344000, 0.345800, 0.347600, 0.349400, 0.353000, 0.353000, 0.355000, 0.357000, 0.359000, 0.363000, 0.363000, 0.365400, 0.367800, 0.370200, 0.375000, 0.375000, 0.378000, 0.381000, 0.384000, 0.390000, 0.390000, 0.393600, 0.397200, 0.400800, 0.408000, 0.408000, 0.413000, 0.418000, 0.423000, 0.433000, 0.433000, 0.438400, 0.443800, 0.449200, 0.460000, 0.460000, 0.466400, 0.472800, 0.479200, 0.492000, 0.492000, 0.498200, 0.504400, 0.510600, 0.523000, 0.523000, 0.528000, 0.533000, 0.538000, 0.548000, 0.548000, 0.551600, 0.555200, 0.558800, 0.566000, 0.566000, 0.568200, 0.570400, 0.572600, 0.577000, 0.577000, 0.578000, 0.579000, 0.580000, 0.582000, 0.582000, 0.582200, 0.582400, 0.582600, 0.583000, 0.583000, 0.582400, 0.581800, 0.581200, 0.580000, 0.580000, 0.579200, 0.578400, 0.577600, 0.576000, 0.576000, 0.574600, 0.573200, 0.571800, 0.569000, 0.569000, 0.567200, 0.565400, 0.563600, 0.560000, 0.560000, 0.557800, 0.555600, 0.553400, 0.549000, 0.549000, 0.546200, 0.543400, 0.540600, 0.535000, 0.535000, 0.531800, 0.528600, 0.525400, 0.519000, 0.519000, 0.515400, 0.511800, 0.508200, 0.501000, 0.501000, 0.496800, 0.492600, 0.488400, 0.480000, 0.480000, 0.475600, 0.471200, 0.466800, 0.458000, 0.458000, 0.453600, 0.449200, 0.444800, 0.436000, 0.436000, 0.431600, 0.427200, 0.422800, 0.414000, 0.414000, 0.409600, 0.405200, 0.400800, 0.392000, 0.392000, 0.387400, 0.382800, 0.378200, 0.369000, 0.369000, 0.364400, 0.359800, 0.355200, 0.346000, 0.346000, 0.341600, 0.337200, 0.332800, 0.324000, 0.324000, 0.319600, 0.315200, 0.310800, 0.302000, 0.302000, 0.297400, 0.292800, 0.288200, 0.279000, 0.279000, 0.275200, 0.271400, 0.267600, 0.260000, 0.260000, 0.257000, 0.254000, 0.251000, 0.245000, 0.245000, 0.242800, 0.240600, 0.238400, 0.234000, 0.234000, 0.232400, 0.230800, 0.229200, 0.226000, 0.226000, 0.225000, 0.224000, 0.223000, 0.221000, 0.221000, 0.220200, 0.219400, 0.218600, 0.217000, 0.217000, 0.216600, 0.216200, 0.215800, 0.215000, 0.215000, 0.214400, 0.213800, 0.213200, 0.212000, 0.212000, 0.211600, 0.211200, 0.210800, 0.210000, 0.210000, 0.209800, 0.209600, 0.209400, 0.209000, 0.209000, 0.208800, 0.208600, 0.208400, 0.208000, 0.208000, 0.208200, 0.208400, 0.208600, 0.209000, 0.209000, 0.209400, 0.209800, 0.210200, 0.211000, 0.211000, 0.211800, 0.212600, 0.213400, 0.215000, 0.215000, 0.216000, 0.217000, 0.218000, 0.220000, 0.220000, 0.221400, 0.222800, 0.224200, 0.227000, 0.227000, 0.228200, 0.229400, 0.230600, 0.233000, 0.233000, 0.234200, 0.235400, 0.236600, 0.239000, 0.239000, 0.240000, 0.241000, 0.242000, 0.244000, 0.244000, 0.245000, 0.246000, 0.247000, 0.249000, 0.249000, 0.249600, 0.250200, 0.250800, 0.252000, 0.252000, 0.252000, 0.252000, 0.252000, 0.252000, 0.252000, 0.251600, 0.251200, 0.250800, 0.250000, 0.250000, 0.249600, 0.249200, 0.248800, 0.248000, 0.248000, 0.247200, 0.246400, 0.245600, 0.244000, 0.244000, 0.244200, 0.244400, 0.244600, 0.245000, 0.245000, 0.245000, 0.245000, 0.245000, 0.00001]}
