{"start": 370, "end": 730, "data": [ 0.000100, 0.000100, 0.000100, 0.000100, 0.000100, 0.000100, 0.000100, 0.000100, 0.000100, 0.000100, 0.093000, 0.093000, 0.096400, 0.099800, 0.103200, 0.110000, 0.110000, 0.114800, 0.119600, 0.124400, 0.134000, 0.134000, 0.140000, 0.146000, 0.152000, 0.164000, 0.164000, 0.170200, 0.176400, 0.182600, 0.195000, 0.195000, 0.200000, 0.205000, 0.210000, 0.220000, 0.220000, 0.223600, 0.227200, 0.230800, 0.238000, 0.238000, 0.240200, 0.242400, 0.244600, 0.249000, 0.249000, 0.250800, 0.252600, 0.254400, 0.258000, 0.258000, 0.260400, 0.262800, 0.265200, 0.270000, 0.270000, 0.272200, 0.274400, 0.276600, 0.281000, 0.281000, 0.284000, 0.287000, 0.290000, 0.296000, 0.296000, 0.299800, 0.303600, 0.307400, 0.315000, 0.315000, 0.318800, 0.322600, 0.326400, 0.334000, 0.334000, 0.337600, 0.341200, 0.344800, 0.352000, 0.352000, 0.355600, 0.359200, 0.362800, 0.370000, 0.370000, 0.374200, 0.378400, 0.382600, 0.391000, 0.391000, 0.395600, 0.400200, 0.404800, 0.414000, 0.414000, 0.418000, 0.422000, 0.426000, 0.434000, 0.434000, 0.437000, 0.440000, 0.443000, 0.449000, 0.449000, 0.450800, 0.452600, 0.454400, 0.458000, 0.458000, 0.458600, 0.459200, 0.459800, 0.461000, 0.461000, 0.460200, 0.459400, 0.458600, 0.457000, 0.457000, 0.455000, 0.453000, 0.451000, 0.447000, 0.447000, 0.444200, 0.441400, 0.438600, 0.433000, 0.433000, 0.429200, 0.425400, 0.421600, 0.414000, 0.414000, 0.409600, 0.405200, 0.400800, 0.392000, 0.392000, 0.386800, 0.381600, 0.376400, 0.366000, 0.366000, 0.360600, 0.355200, 0.349800, 0.339000, 0.339000, 0.333200, 0.327400, 0.321600, 0.310000, 0.310000, 0.304400, 0.298800, 0.293200, 0.282000, 0.282000, 0.276600, 0.271200, 0.265800, 0.255000, 0.255000, 0.249600, 0.244200, 0.238800, 0.228000, 0.228000, 0.223200, 0.218400, 0.213600, 0.204000, 0.204000, 0.199200, 0.194400, 0.189600, 0.180000, 0.180000, 0.175800, 0.171600, 0.167400, 0.159000, 0.159000, 0.155400, 0.151800, 0.148200, 0.141000, 0.141000, 0.138000, 0.135000, 0.132000, 0.126000, 0.126000, 0.123600, 0.121200, 0.118800, 0.114000, 0.114000, 0.112000, 0.110000, 0.108000, 0.104000, 0.104000, 0.102600, 0.101200, 0.099800, 0.097000, 0.097000, 0.096000, 0.095000, 0.094000, 0.092000, 0.092000, 0.091200, 0.090400, 0.089600, 0.088000, 0.088000, 0.087000, 0.086000, 0.085000, 0.083000, 0.083000, 0.082400, 0.081800, 0.081200, 0.080000, 0.080000, 0.079400, 0.078800, 0.078200, 0.077000, 0.077000, 0.076600, 0.076200, 0.075800, 0.075000, 0.075000, 0.074800, 0.074600, 0.074400, 0.074000, 0.074000, 0.073800, 0.073600, 0.073400, 0.073000, 0.073000, 0.073000, 0.073000, 0.073000, 0.073000, 0.073000, 0.073000, 0.073000, 0.073000, 0.073000, 0.073000, 0.073000, 0.073000, 0.073000, 0.073000, 0.073000, 0.073000, 0.073000, 0.073000, 0.073000, 0.073000, 0.073000, 0.073000, 0.073000, 0.073000, 0.073000, 0.073200, 0.073400, 0.073600, 0.074000, 0.074000, 0.074200, 0.074400, 0.074600, 0.075000, 0.075000, 0.075200, 0.075400, 0.075600, 0.076000, 0.076000, 0.076000, 0.076000, 0.076000, 0.076000, 0.076000, 0.076200, 0.076400, 0.076600, 0.077000, 0.077000, 0.076800, 0.076600, 0.076400, 0.076000, 0.076000, 0.075800, 0.075600, 0.075400, 0.075000, 0.075000, 0.074800, 0.074600, 0.074400, 0.074000, 0.074000, 0.074000, 0.074000, 0.074000, 0.074000, 0.074000, 0.073800, 0.073600, 0.073400, 0.073000, 0.073000, 0.072800, 0.072600, 0.072400, 0.072000, 0.072000, 0.072000, 0.072000, 0.072000, 0.072000, 0.072000, 0.071800, 0.071600, 0.071400, 0.071000, 0.071000, 0.071400, 0.071800, 0.072200, 0.073000, 0.073000, 0.073400, 0.073800, 0.074200, 0.075000, 0.075000, 0.075600, 0.076200, 0.076800, 0.078000, 0.078000, 0.078000, 0.078000, 0.078000, 0.00001]}
