{"start": 370, "end": 730, "data": [ 0.000100, 0.000100, 0.000100, 0.000100, 0.000100, 0.000100, 0.000100, 0.000100, 0.000100, 0.000100, 0.055000, 0.055000, 0.055200, 0.055400, 0.055600, 0.056000, 0.056000, 0.056200, 0.056400, 0.056600, 0.057000, 0.057000, 0.057200, 0.057400, 0.057600, 0.058000, 0.058000, 0.058000, 0.058000, 0.058000, 0.058000, 0.058000, 0.058000, 0.058000, 0.058000, 0.058000, 0.058000, 0.058200, 0.058400, 0.058600, 0.059000, 0.059000, 0.059000, 0.059000, 0.059000, 0.059000, 0.059000, 0.059000, 0.059000, 0.059000, 0.059000, 0.059000, 0.059200, 0.059400, 0.059600, 0.060000, 0.060000, 0.060400, 0.060800, 0.061200, 0.062000, 0.062000, 0.062200, 0.062400, 0.062600, 0.063000, 0.063000, 0.063400, 0.063800, 0.064200, 0.065000, 0.065000, 0.065400, 0.065800, 0.066200, 0.067000, 0.067000, 0.067600, 0.068200, 0.068800, 0.070000, 0.070000, 0.070800, 0.071600, 0.072400, 0.074000, 0.074000, 0.074800, 0.075600, 0.076400, 0.078000, 0.078000, 0.079200, 0.080400, 0.081600, 0.084000, 0.084000, 0.085400, 0.086800, 0.088200, 0.091000, 0.091000, 0.093000, 0.095000, 0.097000, 0.101000, 0.101000, 0.103400, 0.105800, 0.108200, 0.113000, 0.113000, 0.115400, 0.117800, 0.120200, 0.125000, 0.125000, 0.128000, 0.131000, 0.134000, 0.140000, 0.140000, 0.143400, 0.146800, 0.150200, 0.157000, 0.157000, 0.161600, 0.166200, 0.170800, 0.180000, 0.180000, 0.185600, 0.191200, 0.196800, 0.208000, 0.208000, 0.215200, 0.222400, 0.229600, 0.244000, 0.244000, 0.252400, 0.260800, 0.269200, 0.286000, 0.286000, 0.293600, 0.301200, 0.308800, 0.324000, 0.324000, 0.329400, 0.334800, 0.340200, 0.351000, 0.351000, 0.353400, 0.355800, 0.358200, 0.363000, 0.363000, 0.363000, 0.363000, 0.363000, 0.363000, 0.363000, 0.361400, 0.359800, 0.358200, 0.355000, 0.355000, 0.352400, 0.349800, 0.347200, 0.342000, 0.342000, 0.338200, 0.334400, 0.330600, 0.323000, 0.323000, 0.319000, 0.315000, 0.311000, 0.303000, 0.303000, 0.298600, 0.294200, 0.289800, 0.281000, 0.281000, 0.276800, 0.272600, 0.268400, 0.260000, 0.260000, 0.255600, 0.251200, 0.246800, 0.238000, 0.238000, 0.233800, 0.229600, 0.225400, 0.217000, 0.217000, 0.212800, 0.208600, 0.204400, 0.196000, 0.196000, 0.192200, 0.188400, 0.184600, 0.177000, 0.177000, 0.173200, 0.169400, 0.165600, 0.158000, 0.158000, 0.154400, 0.150800, 0.147200, 0.140000, 0.140000, 0.136800, 0.133600, 0.130400, 0.124000, 0.124000, 0.121400, 0.118800, 0.116200, 0.111000, 0.111000, 0.109000, 0.107000, 0.105000, 0.101000, 0.101000, 0.099600, 0.098200, 0.096800, 0.094000, 0.094000, 0.093000, 0.092000, 0.091000, 0.089000, 0.089000, 0.088400, 0.087800, 0.087200, 0.086000, 0.086000, 0.085600, 0.085200, 0.084800, 0.084000, 0.084000, 0.083600, 0.083200, 0.082800, 0.082000, 0.082000, 0.081600, 0.081200, 0.080800, 0.080000, 0.080000, 0.079600, 0.079200, 0.078800, 0.078000, 0.078000, 0.077800, 0.077600, 0.077400, 0.077000, 0.077000, 0.076800, 0.076600, 0.076400, 0.076000, 0.076000, 0.075800, 0.075600, 0.075400, 0.075000, 0.075000, 0.075000, 0.075000, 0.075000, 0.075000, 0.075000, 0.075000, 0.075000, 0.075000, 0.075000, 0.075000, 0.075400, 0.075800, 0.076200, 0.077000, 0.077000, 0.077200, 0.077400, 0.077600, 0.078000, 0.078000, 0.078400, 0.078800, 0.079200, 0.080000, 0.080000, 0.080400, 0.080800, 0.081200, 0.082000, 0.082000, 0.082600, 0.083200, 0.083800, 0.085000, 0.085000, 0.085600, 0.086200, 0.086800, 0.088000, 0.088000, 0.088200, 0.088400, 0.088600, 0.089000, 0.089000, 0.089000, 0.089000, 0.089000, 0.089000, 0.089000, 0.089200, 0.089400, 0.089600, 0.090000, 0.090000, 0.090000, 0.090000, 0.090000, 0.090000, 0.090000, 0.090000, 0.090000, 0.090000, 0.090000, 0.090000, 0.090000, 0.090000, 0.090000, 0.00001]}
