{"start": 370, "end": 730, "data": [ 0.000100, 0.000100, 0.000100, 0.000100, 0.000100, 0.000100, 0.000100, 0.000100, 0.000100, 0.000100, 0.123000, 0.123000, 0.128800, 0.134600, 0.140400, 0.152000, 0.152000, 0.161000, 0.170000, 0.179000, 0.197000, 0.197000, 0.209200, 0.221400, 0.233600, 0.258000, 0.258000, 0.272000, 0.286000, 0.300000, 0.328000, 0.328000, 0.339400, 0.350800, 0.362200, 0.385000, 0.385000, 0.391600, 0.398200, 0.404800, 0.418000, 0.418000, 0.421800, 0.425600, 0.429400, 0.437000, 0.437000, 0.438800, 0.440600, 0.442400, 0.446000, 0.446000, 0.446400, 0.446800, 0.447200, 0.448000, 0.448000, 0.448000, 0.448000, 0.448000, 0.448000, 0.448000, 0.447800, 0.447600, 0.447400, 0.447000, 0.447000, 0.446400, 0.445800, 0.445200, 0.444000, 0.444000, 0.443200, 0.442400, 0.441600, 0.440000, 0.440000, 0.438800, 0.437600, 0.436400, 0.434000, 0.434000, 0.432800, 0.431600, 0.430400, 0.428000, 0.428000, 0.426600, 0.425200, 0.423800, 0.421000, 0.421000, 0.419400, 0.417800, 0.416200, 0.413000, 0.413000, 0.411400, 0.409800, 0.408200, 0.405000, 0.405000, 0.402800, 0.400600, 0.398400, 0.394000, 0.394000, 0.391400, 0.388800, 0.386200, 0.381000, 0.381000, 0.379200, 0.377400, 0.375600, 0.372000, 0.372000, 0.370000, 0.368000, 0.366000, 0.362000, 0.362000, 0.360000, 0.358000, 0.356000, 0.352000, 0.352000, 0.350000, 0.348000, 0.346000, 0.342000, 0.342000, 0.339600, 0.337200, 0.334800, 0.330000, 0.330000, 0.326800, 0.323600, 0.320400, 0.314000, 0.314000, 0.310000, 0.306000, 0.302000, 0.294000, 0.294000, 0.289400, 0.284800, 0.280200, 0.271000, 0.271000, 0.266600, 0.262200, 0.257800, 0.249000, 0.249000, 0.245400, 0.241800, 0.238200, 0.231000, 0.231000, 0.228600, 0.226200, 0.223800, 0.219000, 0.219000, 0.217400, 0.215800, 0.214200, 0.211000, 0.211000, 0.210600, 0.210200, 0.209800, 0.209000, 0.209000, 0.209000, 0.209000, 0.209000, 0.209000, 0.209000, 0.208600, 0.208200, 0.207800, 0.207000, 0.207000, 0.205800, 0.204600, 0.203400, 0.201000, 0.201000, 0.200000, 0.199000, 0.198000, 0.196000, 0.196000, 0.196000, 0.196000, 0.196000, 0.196000, 0.196000, 0.196600, 0.197200, 0.197800, 0.199000, 0.199000, 0.200400, 0.201800, 0.203200, 0.206000, 0.206000, 0.207800, 0.209600, 0.211400, 0.215000, 0.215000, 0.216600, 0.218200, 0.219800, 0.223000, 0.223000, 0.224200, 0.225400, 0.226600, 0.229000, 0.229000, 0.230200, 0.231400, 0.232600, 0.235000, 0.235000, 0.236200, 0.237400, 0.238600, 0.241000, 0.241000, 0.241800, 0.242600, 0.243400, 0.245000, 0.245000, 0.245000, 0.245000, 0.245000, 0.245000, 0.245000, 0.244600, 0.244200, 0.243800, 0.243000, 0.243000, 0.243000, 0.243000, 0.243000, 0.243000, 0.243000, 0.243800, 0.244600, 0.245400, 0.247000, 0.247000, 0.248400, 0.249800, 0.251200, 0.254000, 0.254000, 0.257000, 0.260000, 0.263000, 0.269000, 0.269000, 0.273400, 0.277800, 0.282200, 0.291000, 0.291000, 0.296400, 0.301800, 0.307200, 0.318000, 0.318000, 0.324600, 0.331200, 0.337800, 0.351000, 0.351000, 0.357600, 0.364200, 0.370800, 0.384000, 0.384000, 0.390600, 0.397200, 0.403800, 0.417000, 0.417000, 0.422800, 0.428600, 0.434400, 0.446000, 0.446000, 0.450800, 0.455600, 0.460400, 0.470000, 0.470000, 0.474000, 0.478000, 0.482000, 0.490000, 0.490000, 0.492800, 0.495600, 0.498400, 0.504000, 0.504000, 0.505400, 0.506800, 0.508200, 0.511000, 0.511000, 0.512200, 0.513400, 0.514600, 0.517000, 0.517000, 0.517600, 0.518200, 0.518800, 0.520000, 0.520000, 0.520400, 0.520800, 0.521200, 0.522000, 0.522000, 0.522200, 0.522400, 0.522600, 0.523000, 0.523000, 0.522800, 0.522600, 0.522400, 0.522000, 0.522000, 0.521800, 0.521600, 0.521400, 0.521000, 0.521000, 0.521000, 0.521000, 0.521000, 0.521000, 0.521000, 0.521000, 0.521000, 0.521000, 0.00001]}
