{"start": 370, "end": 730, "data": [ 0.000100, 0.000100, 0.000100, 0.000100, 0.000100, 0.000100, 0.000100, 0.000100, 0.000100, 0.000100, 0.101000, 0.101000, 0.103800, 0.106600, 0.109400, 0.115000, 0.115000, 0.119000, 0.123000, 0.127000, 0.135000, 0.135000, 0.139400, 0.143800, 0.148200, 0.157000, 0.157000, 0.161000, 0.165000, 0.169000, 0.177000, 0.177000, 0.179800, 0.182600, 0.185400, 0.191000, 0.191000, 0.192600, 0.194200, 0.195800, 0.199000, 0.199000, 0.199800, 0.200600, 0.201400, 0.203000, 0.203000, 0.203600, 0.204200, 0.204800, 0.206000, 0.206000, 0.204400, 0.202800, 0.201200, 0.198000, 0.198000, 0.196400, 0.194800, 0.193200, 0.190000, 0.190000, 0.187800, 0.185600, 0.183400, 0.179000, 0.179000, 0.176800, 0.174600, 0.172400, 0.168000, 0.168000, 0.165600, 0.163200, 0.160800, 0.156000, 0.156000, 0.153600, 0.151200, 0.148800, 0.144000, 0.144000, 0.141600, 0.139200, 0.136800, 0.132000, 0.132000, 0.129600, 0.127200, 0.124800, 0.120000, 0.120000, 0.118000, 0.116000, 0.114000, 0.110000, 0.110000, 0.108200, 0.106400, 0.104600, 0.101000, 0.101000, 0.099400, 0.097800, 0.096200, 0.093000, 0.093000, 0.091600, 0.090200, 0.088800, 0.086000, 0.086000, 0.084800, 0.083600, 0.082400, 0.080000, 0.080000, 0.079000, 0.078000, 0.077000, 0.075000, 0.075000, 0.074000, 0.073000, 0.072000, 0.070000, 0.070000, 0.069400, 0.068800, 0.068200, 0.067000, 0.067000, 0.066200, 0.065400, 0.064600, 0.063000, 0.063000, 0.062600, 0.062200, 0.061800, 0.061000, 0.061000, 0.060600, 0.060200, 0.059800, 0.059000, 0.059000, 0.058800, 0.058600, 0.058400, 0.058000, 0.058000, 0.057600, 0.057200, 0.056800, 0.056000, 0.056000, 0.055600, 0.055200, 0.054800, 0.054000, 0.054000, 0.053800, 0.053600, 0.053400, 0.053000, 0.053000, 0.052800, 0.052600, 0.052400, 0.052000, 0.052000, 0.052000, 0.052000, 0.052000, 0.052000, 0.052000, 0.052200, 0.052400, 0.052600, 0.053000, 0.053000, 0.053200, 0.053400, 0.053600, 0.054000, 0.054000, 0.054200, 0.054400, 0.054600, 0.055000, 0.055000, 0.055000, 0.055000, 0.055000, 0.055000, 0.055000, 0.054800, 0.054600, 0.054400, 0.054000, 0.054000, 0.053800, 0.053600, 0.053400, 0.053000, 0.053000, 0.052800, 0.052600, 0.052400, 0.052000, 0.052000, 0.052000, 0.052000, 0.052000, 0.052000, 0.052000, 0.052200, 0.052400, 0.052600, 0.053000, 0.053000, 0.053400, 0.053800, 0.054200, 0.055000, 0.055000, 0.055800, 0.056600, 0.057400, 0.059000, 0.059000, 0.060200, 0.061400, 0.062600, 0.065000, 0.065000, 0.066800, 0.068600, 0.070400, 0.074000, 0.074000, 0.076400, 0.078800, 0.081200, 0.086000, 0.086000, 0.088600, 0.091200, 0.093800, 0.099000, 0.099000, 0.101800, 0.104600, 0.107400, 0.113000, 0.113000, 0.115600, 0.118200, 0.120800, 0.126000, 0.126000, 0.128400, 0.130800, 0.133200, 0.138000, 0.138000, 0.140200, 0.142400, 0.144600, 0.149000, 0.149000, 0.151400, 0.153800, 0.156200, 0.161000, 0.161000, 0.163200, 0.165400, 0.167600, 0.172000, 0.172000, 0.174000, 0.176000, 0.178000, 0.182000, 0.182000, 0.184200, 0.186400, 0.188600, 0.193000, 0.193000, 0.195400, 0.197800, 0.200200, 0.205000, 0.205000, 0.207400, 0.209800, 0.212200, 0.217000, 0.217000, 0.220000, 0.223000, 0.226000, 0.232000, 0.232000, 0.235200, 0.238400, 0.241600, 0.248000, 0.248000, 0.251600, 0.255200, 0.258800, 0.266000, 0.266000, 0.269200, 0.272400, 0.275600, 0.282000, 0.282000, 0.285800, 0.289600, 0.293400, 0.301000, 0.301000, 0.304600, 0.308200, 0.311800, 0.319000, 0.319000, 0.322800, 0.326600, 0.330400, 0.338000, 0.338000, 0.341400, 0.344800, 0.348200, 0.355000, 0.355000, 0.358200, 0.361400, 0.364600, 0.371000, 0.371000, 0.374400, 0.377800, 0.381200, 0.388000, 0.388000, 0.391600, 0.395200, 0.398800, 0.406000, 0.406000, 0.406000, 0.406000, 0.406000, 0.00001]}
