{"start": 370, "end": 730, "data": [ 0.000100, 0.000100, 0.000100, 0.000100, 0.000100, 0.000100, 0.000100, 0.000100, 0.000100, 0.000100, 0.052000, 0.052000, 0.052000, 0.052000, 0.052000, 0.052000, 0.052000, 0.052000, 0.052000, 0.052000, 0.052000, 0.052000, 0.052000, 0.052000, 0.052000, 0.052000, 0.052000, 0.051800, 0.051600, 0.051400, 0.051000, 0.051000, 0.051000, 0.051000, 0.051000, 0.051000, 0.051000, 0.050800, 0.050600, 0.050400, 0.050000, 0.050000, 0.050000, 0.050000, 0.050000, 0.050000, 0.050000, 0.049800, 0.049600, 0.049400, 0.049000, 0.049000, 0.049000, 0.049000, 0.049000, 0.049000, 0.049000, 0.049000, 0.049000, 0.049000, 0.049000, 0.049000, 0.049000, 0.049000, 0.049000, 0.049000, 0.049000, 0.049000, 0.049000, 0.049000, 0.049000, 0.049000, 0.049000, 0.049000, 0.049000, 0.049000, 0.049000, 0.049000, 0.049000, 0.049000, 0.049000, 0.049000, 0.048800, 0.048600, 0.048400, 0.048000, 0.048000, 0.048000, 0.048000, 0.048000, 0.048000, 0.048000, 0.047800, 0.047600, 0.047400, 0.047000, 0.047000, 0.047000, 0.047000, 0.047000, 0.047000, 0.047000, 0.046800, 0.046600, 0.046400, 0.046000, 0.046000, 0.045800, 0.045600, 0.045400, 0.045000, 0.045000, 0.045000, 0.045000, 0.045000, 0.045000, 0.045000, 0.044800, 0.044600, 0.044400, 0.044000, 0.044000, 0.044000, 0.044000, 0.044000, 0.044000, 0.044000, 0.044000, 0.044000, 0.044000, 0.044000, 0.044000, 0.044000, 0.044000, 0.044000, 0.044000, 0.044000, 0.044000, 0.044000, 0.044000, 0.044000, 0.044000, 0.044000, 0.044000, 0.044000, 0.044000, 0.044000, 0.044000, 0.044000, 0.044000, 0.044000, 0.044000, 0.044000, 0.044000, 0.044000, 0.044000, 0.044000, 0.044000, 0.044000, 0.044000, 0.044000, 0.044000, 0.044000, 0.044000, 0.044000, 0.044000, 0.044000, 0.044200, 0.044400, 0.044600, 0.045000, 0.045000, 0.045200, 0.045400, 0.045600, 0.046000, 0.046000, 0.046200, 0.046400, 0.046600, 0.047000, 0.047000, 0.047200, 0.047400, 0.047600, 0.048000, 0.048000, 0.048400, 0.048800, 0.049200, 0.050000, 0.050000, 0.050600, 0.051200, 0.051800, 0.053000, 0.053000, 0.053800, 0.054600, 0.055400, 0.057000, 0.057000, 0.058200, 0.059400, 0.060600, 0.063000, 0.063000, 0.064800, 0.066600, 0.068400, 0.072000, 0.072000, 0.074800, 0.077600, 0.080400, 0.086000, 0.086000, 0.090600, 0.095200, 0.099800, 0.109000, 0.109000, 0.115800, 0.122600, 0.129400, 0.143000, 0.143000, 0.152800, 0.162600, 0.172400, 0.192000, 0.192000, 0.204800, 0.217600, 0.230400, 0.256000, 0.256000, 0.271200, 0.286400, 0.301600, 0.332000, 0.332000, 0.348200, 0.364400, 0.380600, 0.413000, 0.413000, 0.427600, 0.442200, 0.456800, 0.486000, 0.486000, 0.498800, 0.511600, 0.524400, 0.550000, 0.550000, 0.559600, 0.569200, 0.578800, 0.598000, 0.598000, 0.604600, 0.611200, 0.617800, 0.631000, 0.631000, 0.635600, 0.640200, 0.644800, 0.654000, 0.654000, 0.657600, 0.661200, 0.664800, 0.672000, 0.672000, 0.674800, 0.677600, 0.680400, 0.686000, 0.686000, 0.687600, 0.689200, 0.690800, 0.694000, 0.694000, 0.695200, 0.696400, 0.697600, 0.700000, 0.700000, 0.700800, 0.701600, 0.702400, 0.704000, 0.704000, 0.704600, 0.705200, 0.705800, 0.707000, 0.707000, 0.708000, 0.709000, 0.710000, 0.712000, 0.712000, 0.713200, 0.714400, 0.715600, 0.718000, 0.718000, 0.718600, 0.719200, 0.719800, 0.721000, 0.721000, 0.721600, 0.722200, 0.722800, 0.724000, 0.724000, 0.724600, 0.725200, 0.725800, 0.727000, 0.727000, 0.727400, 0.727800, 0.728200, 0.729000, 0.729000, 0.729200, 0.729400, 0.729600, 0.730000, 0.730000, 0.730000, 0.730000, 0.730000, 0.730000, 0.730000, 0.729800, 0.729600, 0.729400, 0.729000, 0.729000, 0.728600, 0.728200, 0.727800, 0.727000, 0.727000, 0.727200, 0.727400, 0.727600, 0.728000, 0.728000, 0.728000, 0.728000, 0.728000, 0.00001]}
