{"start": 370, "end": 730, "data": [ 0.000100, 0.000100, 0.000100, 0.000100, 0.000100, 0.000100, 0.000100, 0.000100, 0.000100, 0.000100, 0.060000, 0.060000, 0.060200, 0.060400, 0.060600, 0.061000, 0.061000, 0.061400, 0.061800, 0.062200, 0.063000, 0.063000, 0.063200, 0.063400, 0.063600, 0.064000, 0.064000, 0.064200, 0.064400, 0.064600, 0.065000, 0.065000, 0.065000, 0.065000, 0.065000, 0.065000, 0.065000, 0.064800, 0.064600, 0.064400, 0.064000, 0.064000, 0.064000, 0.064000, 0.064000, 0.064000, 0.064000, 0.064000, 0.064000, 0.064000, 0.064000, 0.064000, 0.064000, 0.064000, 0.064000, 0.064000, 0.064000, 0.064000, 0.064000, 0.064000, 0.064000, 0.064000, 0.064200, 0.064400, 0.064600, 0.065000, 0.065000, 0.065000, 0.065000, 0.065000, 0.065000, 0.065000, 0.065200, 0.065400, 0.065600, 0.066000, 0.066000, 0.066200, 0.066400, 0.066600, 0.067000, 0.067000, 0.067200, 0.067400, 0.067600, 0.068000, 0.068000, 0.068200, 0.068400, 0.068600, 0.069000, 0.069000, 0.069800, 0.070600, 0.071400, 0.073000, 0.073000, 0.073800, 0.074600, 0.075400, 0.077000, 0.077000, 0.078400, 0.079800, 0.081200, 0.084000, 0.084000, 0.085600, 0.087200, 0.088800, 0.092000, 0.092000, 0.093600, 0.095200, 0.096800, 0.100000, 0.100000, 0.101400, 0.102800, 0.104200, 0.107000, 0.107000, 0.108600, 0.110200, 0.111800, 0.115000, 0.115000, 0.116600, 0.118200, 0.119800, 0.123000, 0.123000, 0.125000, 0.127000, 0.129000, 0.133000, 0.133000, 0.135600, 0.138200, 0.140800, 0.146000, 0.146000, 0.150000, 0.154000, 0.158000, 0.166000, 0.166000, 0.171400, 0.176800, 0.182200, 0.193000, 0.193000, 0.200200, 0.207400, 0.214600, 0.229000, 0.229000, 0.237800, 0.246600, 0.255400, 0.273000, 0.273000, 0.283000, 0.293000, 0.303000, 0.323000, 0.323000, 0.333200, 0.343400, 0.353600, 0.374000, 0.374000, 0.382800, 0.391600, 0.400400, 0.418000, 0.418000, 0.425600, 0.433200, 0.440800, 0.456000, 0.456000, 0.462200, 0.468400, 0.474600, 0.487000, 0.487000, 0.492000, 0.497000, 0.502000, 0.512000, 0.512000, 0.516400, 0.520800, 0.525200, 0.534000, 0.534000, 0.538000, 0.542000, 0.546000, 0.554000, 0.554000, 0.557200, 0.560400, 0.563600, 0.570000, 0.570000, 0.572800, 0.575600, 0.578400, 0.584000, 0.584000, 0.586800, 0.589600, 0.592400, 0.598000, 0.598000, 0.600200, 0.602400, 0.604600, 0.609000, 0.609000, 0.610600, 0.612200, 0.613800, 0.617000, 0.617000, 0.618400, 0.619800, 0.621200, 0.624000, 0.624000, 0.625200, 0.626400, 0.627600, 0.630000, 0.630000, 0.631000, 0.632000, 0.633000, 0.635000, 0.635000, 0.636000, 0.637000, 0.638000, 0.640000, 0.640000, 0.641000, 0.642000, 0.643000, 0.645000, 0.645000, 0.646000, 0.647000, 0.648000, 0.650000, 0.650000, 0.650800, 0.651600, 0.652400, 0.654000, 0.654000, 0.654800, 0.655600, 0.656400, 0.658000, 0.658000, 0.658800, 0.659600, 0.660400, 0.662000, 0.662000, 0.663000, 0.664000, 0.665000, 0.667000, 0.667000, 0.668000, 0.669000, 0.670000, 0.672000, 0.672000, 0.672600, 0.673200, 0.673800, 0.675000, 0.675000, 0.675200, 0.675400, 0.675600, 0.676000, 0.676000, 0.676200, 0.676400, 0.676600, 0.677000, 0.677000, 0.677200, 0.677400, 0.677600, 0.678000, 0.678000, 0.678600, 0.679200, 0.679800, 0.681000, 0.681000, 0.681800, 0.682600, 0.683400, 0.685000, 0.685000, 0.685600, 0.686200, 0.686800, 0.688000, 0.688000, 0.688400, 0.688800, 0.689200, 0.690000, 0.690000, 0.690600, 0.691200, 0.691800, 0.693000, 0.693000, 0.693600, 0.694200, 0.694800, 0.696000, 0.696000, 0.696400, 0.696800, 0.697200, 0.698000, 0.698000, 0.698000, 0.698000, 0.698000, 0.698000, 0.698000, 0.698000, 0.698000, 0.698000, 0.698000, 0.698000, 0.698000, 0.698000, 0.698000, 0.698000, 0.698000, 0.698400, 0.698800, 0.699200, 0.700000, 0.700000, 0.700000, 0.700000, 0.700000, 0.00001]}
