{"start": 370, "end": 730, "data": [ 0.000100, 0.000100, 0.000100, 0.000100, 0.000100, 0.000100, 0.000100, 0.000100, 0.000100, 0.000100, 0.054000, 0.054000, 0.053800, 0.053600, 0.053400, 0.053000, 0.053000, 0.053200, 0.053400, 0.053600, 0.054000, 0.054000, 0.053800, 0.053600, 0.053400, 0.053000, 0.053000, 0.053000, 0.053000, 0.053000, 0.053000, 0.053000, 0.053000, 0.053000, 0.053000, 0.053000, 0.053000, 0.053000, 0.053000, 0.053000, 0.053000, 0.053000, 0.052800, 0.052600, 0.052400, 0.052000, 0.052000, 0.052000, 0.052000, 0.052000, 0.052000, 0.052000, 0.052000, 0.052000, 0.052000, 0.052000, 0.052000, 0.052200, 0.052400, 0.052600, 0.053000, 0.053000, 0.053000, 0.053000, 0.053000, 0.053000, 0.053000, 0.053000, 0.053000, 0.053000, 0.053000, 0.053000, 0.053200, 0.053400, 0.053600, 0.054000, 0.054000, 0.054200, 0.054400, 0.054600, 0.055000, 0.055000, 0.055200, 0.055400, 0.055600, 0.056000, 0.056000, 0.056600, 0.057200, 0.057800, 0.059000, 0.059000, 0.060200, 0.061400, 0.062600, 0.065000, 0.065000, 0.067000, 0.069000, 0.071000, 0.075000, 0.075000, 0.078600, 0.082200, 0.085800, 0.093000, 0.093000, 0.098600, 0.104200, 0.109800, 0.121000, 0.121000, 0.128200, 0.135400, 0.142600, 0.157000, 0.157000, 0.166000, 0.175000, 0.184000, 0.202000, 0.202000, 0.212000, 0.222000, 0.232000, 0.252000, 0.252000, 0.262200, 0.272400, 0.282600, 0.303000, 0.303000, 0.312600, 0.322200, 0.331800, 0.351000, 0.351000, 0.359600, 0.368200, 0.376800, 0.394000, 0.394000, 0.402400, 0.410800, 0.419200, 0.436000, 0.436000, 0.443800, 0.451600, 0.459400, 0.475000, 0.475000, 0.482400, 0.489800, 0.497200, 0.512000, 0.512000, 0.518400, 0.524800, 0.531200, 0.544000, 0.544000, 0.549600, 0.555200, 0.560800, 0.572000, 0.572000, 0.577000, 0.582000, 0.587000, 0.597000, 0.597000, 0.600600, 0.604200, 0.607800, 0.615000, 0.615000, 0.618000, 0.621000, 0.624000, 0.630000, 0.630000, 0.633000, 0.636000, 0.639000, 0.645000, 0.645000, 0.648000, 0.651000, 0.654000, 0.660000, 0.660000, 0.662600, 0.665200, 0.667800, 0.673000, 0.673000, 0.675600, 0.678200, 0.680800, 0.686000, 0.686000, 0.688400, 0.690800, 0.693200, 0.698000, 0.698000, 0.700000, 0.702000, 0.704000, 0.708000, 0.708000, 0.710000, 0.712000, 0.714000, 0.718000, 0.718000, 0.719600, 0.721200, 0.722800, 0.726000, 0.726000, 0.727200, 0.728400, 0.729600, 0.732000, 0.732000, 0.733000, 0.734000, 0.735000, 0.737000, 0.737000, 0.738000, 0.739000, 0.740000, 0.742000, 0.742000, 0.742800, 0.743600, 0.744400, 0.746000, 0.746000, 0.746600, 0.747200, 0.747800, 0.749000, 0.749000, 0.749800, 0.750600, 0.751400, 0.753000, 0.753000, 0.753800, 0.754600, 0.755400, 0.757000, 0.757000, 0.757800, 0.758600, 0.759400, 0.761000, 0.761000, 0.761800, 0.762600, 0.763400, 0.765000, 0.765000, 0.765600, 0.766200, 0.766800, 0.768000, 0.768000, 0.768800, 0.769600, 0.770400, 0.772000, 0.772000, 0.773000, 0.774000, 0.775000, 0.777000, 0.777000, 0.777400, 0.777800, 0.778200, 0.779000, 0.779000, 0.779200, 0.779400, 0.779600, 0.780000, 0.780000, 0.780000, 0.780000, 0.780000, 0.780000, 0.780000, 0.780200, 0.780400, 0.780600, 0.781000, 0.781000, 0.781200, 0.781400, 0.781600, 0.782000, 0.782000, 0.782600, 0.783200, 0.783800, 0.785000, 0.785000, 0.785000, 0.785000, 0.785000, 0.785000, 0.785000, 0.785400, 0.785800, 0.786200, 0.787000, 0.787000, 0.787400, 0.787800, 0.788200, 0.789000, 0.789000, 0.789600, 0.790200, 0.790800, 0.792000, 0.792000, 0.792000, 0.792000, 0.792000, 0.792000, 0.792000, 0.792200, 0.792400, 0.792600, 0.793000, 0.793000, 0.792800, 0.792600, 0.792400, 0.792000, 0.792000, 0.791600, 0.791200, 0.790800, 0.790000, 0.790000, 0.790400, 0.790800, 0.791200, 0.792000, 0.792000, 0.792000, 0.792000, 0.792000, 0.00001]}
