{"start": 370, "end": 730, "data": [ 0.000100, 0.000100, 0.000100, 0.000100, 0.000100, 0.000100, 0.000100, 0.000100, 0.000100, 0.000100, 0.069000, 0.069000, 0.071400, 0.073800, 0.076200, 0.081000, 0.081000, 0.084000, 0.087000, 0.090000, 0.096000, 0.096000, 0.099600, 0.103200, 0.106800, 0.114000, 0.114000, 0.118400, 0.122800, 0.127200, 0.136000, 0.136000, 0.140000, 0.144000, 0.148000, 0.156000, 0.156000, 0.159800, 0.163600, 0.167400, 0.175000, 0.175000, 0.178600, 0.182200, 0.185800, 0.193000, 0.193000, 0.196000, 0.199000, 0.202000, 0.208000, 0.208000, 0.211200, 0.214400, 0.217600, 0.224000, 0.224000, 0.228000, 0.232000, 0.236000, 0.244000, 0.244000, 0.248200, 0.252400, 0.256600, 0.265000, 0.265000, 0.270000, 0.275000, 0.280000, 0.290000, 0.290000, 0.295200, 0.300400, 0.305600, 0.316000, 0.316000, 0.319800, 0.323600, 0.327400, 0.335000, 0.335000, 0.336400, 0.337800, 0.339200, 0.342000, 0.342000, 0.341200, 0.340400, 0.339600, 0.338000, 0.338000, 0.335200, 0.332400, 0.329600, 0.324000, 0.324000, 0.319600, 0.315200, 0.310800, 0.302000, 0.302000, 0.296200, 0.290400, 0.284600, 0.273000, 0.273000, 0.266200, 0.259400, 0.252600, 0.239000, 0.239000, 0.232200, 0.225400, 0.218600, 0.205000, 0.205000, 0.198400, 0.191800, 0.185200, 0.172000, 0.172000, 0.166400, 0.160800, 0.155200, 0.144000, 0.144000, 0.139200, 0.134400, 0.129600, 0.120000, 0.120000, 0.116200, 0.112400, 0.108600, 0.101000, 0.101000, 0.098000, 0.095000, 0.092000, 0.086000, 0.086000, 0.083600, 0.081200, 0.078800, 0.074000, 0.074000, 0.072400, 0.070800, 0.069200, 0.066000, 0.066000, 0.064600, 0.063200, 0.061800, 0.059000, 0.059000, 0.058000, 0.057000, 0.056000, 0.054000, 0.054000, 0.053400, 0.052800, 0.052200, 0.051000, 0.051000, 0.050400, 0.049800, 0.049200, 0.048000, 0.048000, 0.047600, 0.047200, 0.046800, 0.046000, 0.046000, 0.045800, 0.045600, 0.045400, 0.045000, 0.045000, 0.044800, 0.044600, 0.044400, 0.044000, 0.044000, 0.043800, 0.043600, 0.043400, 0.043000, 0.043000, 0.042800, 0.042600, 0.042400, 0.042000, 0.042000, 0.041800, 0.041600, 0.041400, 0.041000, 0.041000, 0.041000, 0.041000, 0.041000, 0.041000, 0.041000, 0.040800, 0.040600, 0.040400, 0.040000, 0.040000, 0.040000, 0.040000, 0.040000, 0.040000, 0.040000, 0.040000, 0.040000, 0.040000, 0.040000, 0.040000, 0.040000, 0.040000, 0.040000, 0.040000, 0.040000, 0.039800, 0.039600, 0.039400, 0.039000, 0.039000, 0.039000, 0.039000, 0.039000, 0.039000, 0.039000, 0.039200, 0.039400, 0.039600, 0.040000, 0.040000, 0.040000, 0.040000, 0.040000, 0.040000, 0.040000, 0.040000, 0.040000, 0.040000, 0.040000, 0.040000, 0.040000, 0.040000, 0.040000, 0.040000, 0.040000, 0.040200, 0.040400, 0.040600, 0.041000, 0.041000, 0.041000, 0.041000, 0.041000, 0.041000, 0.041000, 0.041200, 0.041400, 0.041600, 0.042000, 0.042000, 0.042000, 0.042000, 0.042000, 0.042000, 0.042000, 0.042000, 0.042000, 0.042000, 0.042000, 0.042000, 0.042200, 0.042400, 0.042600, 0.043000, 0.043000, 0.043000, 0.043000, 0.043000, 0.043000, 0.043000, 0.043000, 0.043000, 0.043000, 0.043000, 0.043000, 0.043200, 0.043400, 0.043600, 0.044000, 0.044000, 0.044000, 0.044000, 0.044000, 0.044000, 0.044000, 0.044000, 0.044000, 0.044000, 0.044000, 0.044000, 0.044000, 0.044000, 0.044000, 0.044000, 0.044000, 0.044200, 0.044400, 0.044600, 0.045000, 0.045000, 0.045200, 0.045400, 0.045600, 0.046000, 0.046000, 0.046400, 0.046800, 0.047200, 0.048000, 0.048000, 0.048400, 0.048800, 0.049200, 0.050000, 0.050000, 0.050200, 0.050400, 0.050600, 0.051000, 0.051000, 0.051400, 0.051800, 0.052200, 0.053000, 0.053000, 0.053600, 0.054200, 0.054800, 0.056000, 0.056000, 0.056800, 0.057600, 0.058400, 0.060000, 0.060000, 0.060000, 0.060000, 0.060000, 0.00001]}
