{"start": 370, "end": 730, "data": [ 0.0001, 0.0001, 0.0001, 0.0001, 0.0001, 0.0001, 0.0001, 0.0001, 0.0001, 0.0001, 0.001368, 0.001368, 0.0015416, 0.0017152, 0.0018888, 0.002236, 0.002236, 0.0026374, 0.0030388, 0.0034402, 0.004243, 0.004243, 0.0049244, 0.0056058, 0.0062872, 0.00765, 0.00765, 0.008982, 0.010314, 0.011646, 0.01431, 0.01431, 0.016086, 0.017862, 0.019638, 0.02319, 0.02319, 0.027254, 0.031318, 0.035382, 0.04351, 0.04351, 0.050334, 0.057158, 0.063982, 0.07763, 0.07763, 0.08898, 0.10033, 0.11168, 0.13438, 0.13438, 0.150458, 0.166536, 0.182614, 0.21477, 0.21477, 0.228596, 0.242422, 0.256248, 0.2839, 0.2839, 0.29282, 0.30174, 0.31066, 0.3285, 0.3285, 0.332456, 0.336412, 0.340368, 0.34828, 0.34828, 0.348236, 0.348192, 0.348148, 0.34806, 0.34806, 0.345688, 0.343316, 0.340944, 0.3362, 0.3362, 0.3327, 0.3292, 0.3257, 0.3187, 0.3187, 0.31312, 0.30754, 0.30196, 0.2908, 0.2908, 0.28286, 0.27492, 0.26698, 0.2511, 0.2511, 0.239952, 0.228804, 0.217656, 0.19536, 0.19536, 0.184708, 0.174056, 0.163404, 0.1421, 0.1421, 0.132808, 0.123516, 0.114224, 0.09564, 0.09564, 0.088102, 0.080564, 0.073026, 0.05795, 0.05795, 0.052762, 0.047574, 0.042386, 0.03201, 0.03201, 0.028548, 0.025086, 0.021624, 0.0147, 0.0147, 0.01274, 0.01078, 0.00882, 0.0049, 0.0049, 0.0044, 0.0039, 0.0034, 0.0024, 0.0024, 0.00378, 0.00516, 0.00654, 0.0093, 0.0093, 0.01326, 0.01722, 0.02118, 0.0291, 0.0291, 0.035934, 0.042768, 0.049602, 0.06327, 0.06327, 0.072536, 0.081802, 0.091068, 0.1096, 0.1096, 0.12078, 0.13196, 0.14314, 0.1655, 0.1655, 0.17755, 0.1896, 0.20165, 0.22575, 0.22575, 0.23868, 0.25161, 0.26454, 0.2904, 0.2904, 0.30426, 0.31812, 0.33198, 0.3597, 0.3597, 0.37445, 0.3892, 0.40395, 0.43345, 0.43345, 0.44917, 0.46489, 0.48061, 0.51205, 0.51205, 0.52854, 0.54503, 0.56152, 0.5945, 0.5945, 0.61128, 0.62806, 0.64484, 0.6784, 0.6784, 0.69514, 0.71188, 0.72862, 0.7621, 0.7621, 0.77818, 0.79426, 0.81034, 0.8425, 0.8425, 0.85726, 0.87202, 0.88678, 0.9163, 0.9163, 0.92876, 0.94122, 0.95368, 0.9786, 0.9786, 0.98814, 0.99768, 1.00722, 1.0263, 1.0263, 1.03238, 1.03846, 1.04454, 1.0567, 1.0567, 1.0578, 1.0589, 1.06, 1.0622, 1.0622, 1.05888, 1.05556, 1.05224, 1.0456, 1.0456, 1.037, 1.0284, 1.0198, 1.0026, 1.0026, 0.98976, 0.97692, 0.96408, 0.9384, 0.9384, 0.92161, 0.90482, 0.88803, 0.85445, 0.85445, 0.83384, 0.81323, 0.79262, 0.7514, 0.7514, 0.7296, 0.7078, 0.686, 0.6424, 0.6424, 0.6223, 0.6022, 0.5821, 0.5419, 0.5419, 0.5231, 0.5043, 0.4855, 0.4479, 0.4479, 0.43048, 0.41306, 0.39564, 0.3608, 0.3608, 0.34534, 0.32988, 0.31442, 0.2835, 0.2835, 0.27054, 0.25758, 0.24462, 0.2187, 0.2187, 0.20794, 0.19718, 0.18642, 0.1649, 0.1649, 0.15616, 0.14742, 0.13868, 0.1212, 0.1212, 0.11444, 0.10768, 0.10092, 0.0874, 0.0874, 0.08264, 0.07788, 0.07312, 0.0636, 0.0636, 0.060234, 0.056868, 0.053502, 0.04677, 0.04677, 0.043996, 0.041222, 0.038448, 0.0329, 0.0329, 0.03086, 0.02882, 0.02678, 0.0227, 0.0227, 0.021328, 0.019956, 0.018584, 0.01584, 0.01584, 0.0149438, 0.0140476, 0.0131514, 0.011359, 0.011359, 0.0107094, 0.0100598, 0.0094102, 0.008111, 0.008111, 0.0076468, 0.0071826, 0.0067184, 0.00579, 0.00579, 0.0054538, 0.0051176, 0.0047814, 0.004109, 0.004109, 0.003867, 0.003625, 0.003383, 0.002899, 0.002899, 0.002729, 0.002559, 0.002389, 0.002049, 0.002049, 0.002049, 0.002049, 0.002049, 0.00001]}
